テストID,テスト区分,岩区分,設計掘削断面積,切羽監視責任者の有無,鏡吹付工施工の有無,(ドリルジャンボ)排ガス機械の選択,ドリルジャンボ排ガス1次対策型規格(固定),(大型ブレーカ)排ガス機械の選択,(ホイールローダ)排ガス機械の選択,ロックボルトの計上区分,鋼製支保有無,ダンプトラックによるずり運搬の計上区分,集塵機の計上区分,期待:S11(トンネル世話役(切羽監視責任者)),期待:S1(トンネル世話役),期待:S2(トンネル特殊工),期待:S3(トンネル作業員),期待:S4(ドリルジャンボ運転),期待:S5(大型ブレーカ運転),期待:S6(ホイールローダ運転),期待:S7(コンクリート吹付機運転),期待:S8(吹付プラント設備運転),期待:S12(諸雑費(鏡吹付施工労務費)),期待:S9(諸雑費(その他機械)),期待:S13(諸雑費(鏡吹付施工機械費)),期待:S10(諸雑費(その他材料)),期待:S14(諸雑費(鏡吹付材料費)),選択肢の適切さ確認,規格名計上
TC-001,新規歩掛,B,断面積35m2,無,無,排ガス未対策型(旧),-,排ガス対策型(第1次基準値),排ガス対策型(第1次基準値),計上する,なし,計上する,計上する,○,○,○,○,○,○,○,○,○,○,○,○,○,○,"岩区分(全選択肢網羅)
・「B」と表示されているが、外部設計と正しいか
設計掘削断面積(全選択肢網羅)
・「断面積35m2」と表示されているが、外部設計と正しいか
切羽監視責任者の有無(全選択肢網羅)
・「無」と表示されているが、外部設計と正しいか
鏡吹付工施工の有無(全選択肢網羅)
・「無」と表示されているが、外部設計と正しいか
(ドリルジャンボ)排ガス機械の選択(全選択肢網羅)
・「排ガス未対策型(旧)」と表示されているが、外部設計と正しいか
(大型ブレーカ)排ガス機械の選択(全選択肢網羅)
・「排ガス対策型(第1次基準値)」と表示されているが、外部設計と正しいか
(ホイールローダ)排ガス機械の選択(全選択肢網羅)
・「排ガス対策型(第1次基準値)」と表示されているが、外部設計と正しいか
ロックボルトの計上区分(全選択肢網羅)
・「計上する」と表示されているが、外部設計と正しいか
鋼製支保有無(全選択肢網羅)
・「なし」と表示されているが、外部設計と正しいか
ダンプトラックによるずり運搬の計上区分(全選択肢網羅)
・「計上する」と表示されているが、外部設計と正しいか
集塵機の計上区分(全選択肢網羅)
・「計上する」と表示されているが、外部設計と正しいか","・岩区分 の規格名計上が意図通りの場所に正しく計上されているか
・設計掘削断面積 の規格名計上が意図通りの場所に正しく計上されているか
・切羽監視責任者の有無 の規格名計上が意図通りの場所に正しく計上されているか
・鏡吹付工施工の有無 の規格名計上が意図通りの場所に正しく計上されているか"
TC-002,新規歩掛,B,断面積35m2,無,無,排ガス未対策型(旧),-,排ガス対策型(第1次基準値),排ガス対策型(第1次基準値),計上する,なし,計上する,計上しない,○,○,○,○,○,○,○,○,○,○,○,○,○,○,"岩区分(全選択肢網羅)
・「B」と表示されているが、外部設計と正しいか
設計掘削断面積(全選択肢網羅)
・「断面積35m2」と表示されているが、外部設計と正しいか
切羽監視責任者の有無(全選択肢網羅)
・「無」と表示されているが、外部設計と正しいか
鏡吹付工施工の有無(全選択肢網羅)
・「無」と表示されているが、外部設計と正しいか
(ドリルジャンボ)排ガス機械の選択(全選択肢網羅)
・「排ガス未対策型(旧)」と表示されているが、外部設計と正しいか
(大型ブレーカ)排ガス機械の選択(全選択肢網羅)
・「排ガス対策型(第1次基準値)」と表示されているが、外部設計と正しいか
(ホイールローダ)排ガス機械の選択(全選択肢網羅)
・「排ガス対策型(第1次基準値)」と表示されているが、外部設計と正しいか
ロックボルトの計上区分(全選択肢網羅)
・「計上する」と表示されているが、外部設計と正しいか
鋼製支保有無(全選択肢網羅)
・「なし」と表示されているが、外部設計と正しいか
ダンプトラックによるずり運搬の計上区分(全選択肢網羅)
・「計上する」と表示されているが、外部設計と正しいか
集塵機の計上区分(全選択肢網羅)
・「計上しない」と表示されているが、外部設計と正しいか","・岩区分 の規格名計上が意図通りの場所に正しく計上されているか
・設計掘削断面積 の規格名計上が意図通りの場所に正しく計上されているか
・切羽監視責任者の有無 の規格名計上が意図通りの場所に正しく計上されているか
・鏡吹付工施工の有無 の規格名計上が意図通りの場所に正しく計上されているか"
TC-003,新規歩掛,B,断面積35m2,無,無,排ガス未対策型(旧),-,排ガス対策型(第1次基準値),排ガス対策型(第1次基準値),計上する,なし,計上しない,計上する,○,○,○,○,○,○,○,○,○,○,○,○,○,,"岩区分(全選択肢網羅)
・「B」と表示されているが、外部設計と正しいか
設計掘削断面積(全選択肢網羅)
・「断面積35m2」と表示されているが、外部設計と正しいか
切羽監視責任者の有無(全選択肢網羅)
・「無」と表示されているが、外部設計と正しいか
鏡吹付工施工の有無(全選択肢網羅)
・「無」と表示されているが、外部設計と正しいか
(ドリルジャンボ)排ガス機械の選択(全選択肢網羅)
・「排ガス未対策型(旧)」と表示されているが、外部設計と正しいか
(大型ブレーカ)排ガス機械の選択(全選択肢網羅)
・「排ガス対策型(第1次基準値)」と表示されているが、外部設計と正しいか
(ホイールローダ)排ガス機械の選択(全選択肢網羅)
・「排ガス対策型(第1次基準値)」と表示されているが、外部設計と正しいか
ロックボルトの計上区分(全選択肢網羅)
・「計上する」と表示されているが、外部設計と正しいか
鋼製支保有無(全選択肢網羅)
・「なし」と表示されているが、外部設計と正しいか
ダンプトラックによるずり運搬の計上区分(全選択肢網羅)
・「計上しない」と表示されているが、外部設計と正しいか
集塵機の計上区分(全選択肢網羅)
・「計上する」と表示されているが、外部設計と正しいか","・岩区分 の規格名計上が意図通りの場所に正しく計上されているか
・設計掘削断面積 の規格名計上が意図通りの場所に正しく計上されているか
・切羽監視責任者の有無 の規格名計上が意図通りの場所に正しく計上されているか
・鏡吹付工施工の有無 の規格名計上が意図通りの場所に正しく計上されているか"
TC-004,新規歩掛,B,断面積35m2,無,無,排ガス未対策型(旧),-,排ガス対策型(第1次基準値),排ガス対策型(第1次基準値),計上する,なし,計上しない,計上しない,○,○,○,○,○,○,○,○,○,○,○,○,○,,"岩区分(全選択肢網羅)
・「B」と表示されているが、外部設計と正しいか
設計掘削断面積(全選択肢網羅)
・「断面積35m2」と表示されているが、外部設計と正しいか
切羽監視責任者の有無(全選択肢網羅)
・「無」と表示されているが、外部設計と正しいか
鏡吹付工施工の有無(全選択肢網羅)
・「無」と表示されているが、外部設計と正しいか
(ドリルジャンボ)排ガス機械の選択(全選択肢網羅)
・「排ガス未対策型(旧)」と表示されているが、外部設計と正しいか
(大型ブレーカ)排ガス機械の選択(全選択肢網羅)
・「排ガス対策型(第1次基準値)」と表示されているが、外部設計と正しいか
(ホイールローダ)排ガス機械の選択(全選択肢網羅)
・「排ガス対策型(第1次基準値)」と表示されているが、外部設計と正しいか
ロックボルトの計上区分(全選択肢網羅)
・「計上する」と表示されているが、外部設計と正しいか
鋼製支保有無(全選択肢網羅)
・「なし」と表示されているが、外部設計と正しいか
ダンプトラックによるずり運搬の計上区分(全選択肢網羅)
・「計上しない」と表示されているが、外部設計と正しいか
集塵機の計上区分(全選択肢網羅)
・「計上しない」と表示されているが、外部設計と正しいか","・岩区分 の規格名計上が意図通りの場所に正しく計上されているか
・設計掘削断面積 の規格名計上が意図通りの場所に正しく計上されているか
・切羽監視責任者の有無 の規格名計上が意図通りの場所に正しく計上されているか
・鏡吹付工施工の有無 の規格名計上が意図通りの場所に正しく計上されているか"
TC-005,新規歩掛,B,断面積35m2,無,無,排ガス未対策型(旧),-,排ガス対策型(第1次基準値),排ガス対策型(第1次基準値),計上する,あり,計上する,計上する,○,○,○,○,○,○,○,○,○,○,○,○,○,○,"岩区分(全選択肢網羅)
・「B」と表示されているが、外部設計と正しいか
設計掘削断面積(全選択肢網羅)
・「断面積35m2」と表示されているが、外部設計と正しいか
切羽監視責任者の有無(全選択肢網羅)
・「無」と表示されているが、外部設計と正しいか
鏡吹付工施工の有無(全選択肢網羅)
・「無」と表示されているが、外部設計と正しいか
(ドリルジャンボ)排ガス機械の選択(全選択肢網羅)
・「排ガス未対策型(旧)」と表示されているが、外部設計と正しいか
(大型ブレーカ)排ガス機械の選択(全選択肢網羅)
・「排ガス対策型(第1次基準値)」と表示されているが、外部設計と正しいか
(ホイールローダ)排ガス機械の選択(全選択肢網羅)
・「排ガス対策型(第1次基準値)」と表示されているが、外部設計と正しいか
ロックボルトの計上区分(全選択肢網羅)
・「計上する」と表示されているが、外部設計と正しいか
鋼製支保有無(全選択肢網羅)
・「あり」と表示されているが、外部設計と正しいか
ダンプトラックによるずり運搬の計上区分(全選択肢網羅)
・「計上する」と表示されているが、外部設計と正しいか
集塵機の計上区分(全選択肢網羅)
・「計上する」と表示されているが、外部設計と正しいか","・岩区分 の規格名計上が意図通りの場所に正しく計上されているか
・設計掘削断面積 の規格名計上が意図通りの場所に正しく計上されているか
・切羽監視責任者の有無 の規格名計上が意図通りの場所に正しく計上されているか
・鏡吹付工施工の有無 の規格名計上が意図通りの場所に正しく計上されているか"
TC-006,新規歩掛,B,断面積35m2,無,無,排ガス未対策型(旧),-,排ガス対策型(第1次基準値),排ガス対策型(第1次基準値),計上する,あり,計上する,計上しない,○,○,○,○,○,○,○,○,○,○,○,○,○,○,"岩区分(全選択肢網羅)
・「B」と表示されているが、外部設計と正しいか
設計掘削断面積(全選択肢網羅)
・「断面積35m2」と表示されているが、外部設計と正しいか
切羽監視責任者の有無(全選択肢網羅)
・「無」と表示されているが、外部設計と正しいか
鏡吹付工施工の有無(全選択肢網羅)
・「無」と表示されているが、外部設計と正しいか
(ドリルジャンボ)排ガス機械の選択(全選択肢網羅)
・「排ガス未対策型(旧)」と表示されているが、外部設計と正しいか
(大型ブレーカ)排ガス機械の選択(全選択肢網羅)
・「排ガス対策型(第1次基準値)」と表示されているが、外部設計と正しいか
(ホイールローダ)排ガス機械の選択(全選択肢網羅)
・「排ガス対策型(第1次基準値)」と表示されているが、外部設計と正しいか
ロックボルトの計上区分(全選択肢網羅)
・「計上する」と表示されているが、外部設計と正しいか
鋼製支保有無(全選択肢網羅)
・「あり」と表示されているが、外部設計と正しいか
ダンプトラックによるずり運搬の計上区分(全選択肢網羅)
・「計上する」と表示されているが、外部設計と正しいか
集塵機の計上区分(全選択肢網羅)
・「計上しない」と表示されているが、外部設計と正しいか","・岩区分 の規格名計上が意図通りの場所に正しく計上されているか
・設計掘削断面積 の規格名計上が意図通りの場所に正しく計上されているか
・切羽監視責任者の有無 の規格名計上が意図通りの場所に正しく計上されているか
・鏡吹付工施工の有無 の規格名計上が意図通りの場所に正しく計上されているか"
TC-007,新規歩掛,B,断面積35m2,無,無,排ガス未対策型(旧),-,排ガス対策型(第1次基準値),排ガス対策型(第1次基準値),計上する,あり,計上しない,計上する,○,○,○,○,○,○,○,○,○,○,○,○,○,,"岩区分(全選択肢網羅)
・「B」と表示されているが、外部設計と正しいか
設計掘削断面積(全選択肢網羅)
・「断面積35m2」と表示されているが、外部設計と正しいか
切羽監視責任者の有無(全選択肢網羅)
・「無」と表示されているが、外部設計と正しいか
鏡吹付工施工の有無(全選択肢網羅)
・「無」と表示されているが、外部設計と正しいか
(ドリルジャンボ)排ガス機械の選択(全選択肢網羅)
・「排ガス未対策型(旧)」と表示されているが、外部設計と正しいか
(大型ブレーカ)排ガス機械の選択(全選択肢網羅)
・「排ガス対策型(第1次基準値)」と表示されているが、外部設計と正しいか
(ホイールローダ)排ガス機械の選択(全選択肢網羅)
・「排ガス対策型(第1次基準値)」と表示されているが、外部設計と正しいか
ロックボルトの計上区分(全選択肢網羅)
・「計上する」と表示されているが、外部設計と正しいか
鋼製支保有無(全選択肢網羅)
・「あり」と表示されているが、外部設計と正しいか
ダンプトラックによるずり運搬の計上区分(全選択肢網羅)
・「計上しない」と表示されているが、外部設計と正しいか
集塵機の計上区分(全選択肢網羅)
・「計上する」と表示されているが、外部設計と正しいか","・岩区分 の規格名計上が意図通りの場所に正しく計上されているか
・設計掘削断面積 の規格名計上が意図通りの場所に正しく計上されているか
・切羽監視責任者の有無 の規格名計上が意図通りの場所に正しく計上されているか
・鏡吹付工施工の有無 の規格名計上が意図通りの場所に正しく計上されているか"
TC-008,新規歩掛,B,断面積35m2,無,無,排ガス未対策型(旧),-,排ガス対策型(第1次基準値),排ガス対策型(第1次基準値),計上する,あり,計上しない,計上しない,○,○,○,○,○,○,○,○,○,○,○,○,○,,"岩区分(全選択肢網羅)
・「B」と表示されているが、外部設計と正しいか
設計掘削断面積(全選択肢網羅)
・「断面積35m2」と表示されているが、外部設計と正しいか
切羽監視責任者の有無(全選択肢網羅)
・「無」と表示されているが、外部設計と正しいか
鏡吹付工施工の有無(全選択肢網羅)
・「無」と表示されているが、外部設計と正しいか
(ドリルジャンボ)排ガス機械の選択(全選択肢網羅)
・「排ガス未対策型(旧)」と表示されているが、外部設計と正しいか
(大型ブレーカ)排ガス機械の選択(全選択肢網羅)
・「排ガス対策型(第1次基準値)」と表示されているが、外部設計と正しいか
(ホイールローダ)排ガス機械の選択(全選択肢網羅)
・「排ガス対策型(第1次基準値)」と表示されているが、外部設計と正しいか
ロックボルトの計上区分(全選択肢網羅)
・「計上する」と表示されているが、外部設計と正しいか
鋼製支保有無(全選択肢網羅)
・「あり」と表示されているが、外部設計と正しいか
ダンプトラックによるずり運搬の計上区分(全選択肢網羅)
・「計上しない」と表示されているが、外部設計と正しいか
集塵機の計上区分(全選択肢網羅)
・「計上しない」と表示されているが、外部設計と正しいか","・岩区分 の規格名計上が意図通りの場所に正しく計上されているか
・設計掘削断面積 の規格名計上が意図通りの場所に正しく計上されているか
・切羽監視責任者の有無 の規格名計上が意図通りの場所に正しく計上されているか
・鏡吹付工施工の有無 の規格名計上が意図通りの場所に正しく計上されているか"
TC-009,新規歩掛,B,断面積35m2,無,無,排ガス未対策型(旧),-,排ガス対策型(第1次基準値),排ガス対策型(第1次基準値),計上しない,なし,計上する,計上する,,○,○,○,○,○,○,○,○,○,○,○,○,○,"岩区分(全選択肢網羅)
・「B」と表示されているが、外部設計と正しいか
設計掘削断面積(全選択肢網羅)
・「断面積35m2」と表示されているが、外部設計と正しいか
切羽監視責任者の有無(全選択肢網羅)
・「無」と表示されているが、外部設計と正しいか
鏡吹付工施工の有無(全選択肢網羅)
・「無」と表示されているが、外部設計と正しいか
(ドリルジャンボ)排ガス機械の選択(全選択肢網羅)
・「排ガス未対策型(旧)」と表示されているが、外部設計と正しいか
(大型ブレーカ)排ガス機械の選択(全選択肢網羅)
・「排ガス対策型(第1次基準値)」と表示されているが、外部設計と正しいか
(ホイールローダ)排ガス機械の選択(全選択肢網羅)
・「排ガス対策型(第1次基準値)」と表示されているが、外部設計と正しいか
ロックボルトの計上区分(全選択肢網羅)
・「計上しない」と表示されているが、外部設計と正しいか
鋼製支保有無(全選択肢網羅)
・「なし」と表示されているが、外部設計と正しいか
ダンプトラックによるずり運搬の計上区分(全選択肢網羅)
・「計上する」と表示されているが、外部設計と正しいか
集塵機の計上区分(全選択肢網羅)
・「計上する」と表示されているが、外部設計と正しいか","・岩区分 の規格名計上が意図通りの場所に正しく計上されているか
・設計掘削断面積 の規格名計上が意図通りの場所に正しく計上されているか
・切羽監視責任者の有無 の規格名計上が意図通りの場所に正しく計上されているか
・鏡吹付工施工の有無 の規格名計上が意図通りの場所に正しく計上されているか"
TC-010,新規歩掛,B,断面積35m2,無,無,排ガス未対策型(旧),-,排ガス対策型(第1次基準値),排ガス対策型(第1次基準値),計上しない,なし,計上する,計上しない,,○,○,○,○,○,○,○,○,○,○,○,○,○,"岩区分(全選択肢網羅)
・「B」と表示されているが、外部設計と正しいか
設計掘削断面積(全選択肢網羅)
・「断面積35m2」と表示されているが、外部設計と正しいか
切羽監視責任者の有無(全選択肢網羅)
・「無」と表示されているが、外部設計と正しいか
鏡吹付工施工の有無(全選択肢網羅)
・「無」と表示されているが、外部設計と正しいか
(ドリルジャンボ)排ガス機械の選択(全選択肢網羅)
・「排ガス未対策型(旧)」と表示されているが、外部設計と正しいか
(大型ブレーカ)排ガス機械の選択(全選択肢網羅)
・「排ガス対策型(第1次基準値)」と表示されているが、外部設計と正しいか
(ホイールローダ)排ガス機械の選択(全選択肢網羅)
・「排ガス対策型(第1次基準値)」と表示されているが、外部設計と正しいか
ロックボルトの計上区分(全選択肢網羅)
・「計上しない」と表示されているが、外部設計と正しいか
鋼製支保有無(全選択肢網羅)
・「なし」と表示されているが、外部設計と正しいか
ダンプトラックによるずり運搬の計上区分(全選択肢網羅)
・「計上する」と表示されているが、外部設計と正しいか
集塵機の計上区分(全選択肢網羅)
・「計上しない」と表示されているが、外部設計と正しいか","・岩区分 の規格名計上が意図通りの場所に正しく計上されているか
・設計掘削断面積 の規格名計上が意図通りの場所に正しく計上されているか
・切羽監視責任者の有無 の規格名計上が意図通りの場所に正しく計上されているか
・鏡吹付工施工の有無 の規格名計上が意図通りの場所に正しく計上されているか"
TC-011,新規歩掛,B,断面積35m2,無,無,排ガス未対策型(旧),-,排ガス対策型(第1次基準値),排ガス対策型(第1次基準値),計上しない,なし,計上しない,計上する,,○,○,○,○,○,○,○,○,○,○,○,○,,"岩区分(全選択肢網羅)
・「B」と表示されているが、外部設計と正しいか
設計掘削断面積(全選択肢網羅)
・「断面積35m2」と表示されているが、外部設計と正しいか
切羽監視責任者の有無(全選択肢網羅)
・「無」と表示されているが、外部設計と正しいか
鏡吹付工施工の有無(全選択肢網羅)
・「無」と表示されているが、外部設計と正しいか
(ドリルジャンボ)排ガス機械の選択(全選択肢網羅)
・「排ガス未対策型(旧)」と表示されているが、外部設計と正しいか
(大型ブレーカ)排ガス機械の選択(全選択肢網羅)
・「排ガス対策型(第1次基準値)」と表示されているが、外部設計と正しいか
(ホイールローダ)排ガス機械の選択(全選択肢網羅)
・「排ガス対策型(第1次基準値)」と表示されているが、外部設計と正しいか
ロックボルトの計上区分(全選択肢網羅)
・「計上しない」と表示されているが、外部設計と正しいか
鋼製支保有無(全選択肢網羅)
・「なし」と表示されているが、外部設計と正しいか
ダンプトラックによるずり運搬の計上区分(全選択肢網羅)
・「計上しない」と表示されているが、外部設計と正しいか
集塵機の計上区分(全選択肢網羅)
・「計上する」と表示されているが、外部設計と正しいか","・岩区分 の規格名計上が意図通りの場所に正しく計上されているか
・設計掘削断面積 の規格名計上が意図通りの場所に正しく計上されているか
・切羽監視責任者の有無 の規格名計上が意図通りの場所に正しく計上されているか
・鏡吹付工施工の有無 の規格名計上が意図通りの場所に正しく計上されているか"
TC-012,新規歩掛,B,断面積35m2,無,無,排ガス未対策型(旧),-,排ガス対策型(第1次基準値),排ガス対策型(第1次基準値),計上しない,なし,計上しない,計上しない,,○,○,○,○,○,○,○,○,○,○,○,○,,"岩区分(全選択肢網羅)
・「B」と表示されているが、外部設計と正しいか
設計掘削断面積(全選択肢網羅)
・「断面積35m2」と表示されているが、外部設計と正しいか
切羽監視責任者の有無(全選択肢網羅)
・「無」と表示されているが、外部設計と正しいか
鏡吹付工施工の有無(全選択肢網羅)
・「無」と表示されているが、外部設計と正しいか
(ドリルジャンボ)排ガス機械の選択(全選択肢網羅)
・「排ガス未対策型(旧)」と表示されているが、外部設計と正しいか
(大型ブレーカ)排ガス機械の選択(全選択肢網羅)
・「排ガス対策型(第1次基準値)」と表示されているが、外部設計と正しいか
(ホイールローダ)排ガス機械の選択(全選択肢網羅)
・「排ガス対策型(第1次基準値)」と表示されているが、外部設計と正しいか
ロックボルトの計上区分(全選択肢網羅)
・「計上しない」と表示されているが、外部設計と正しいか
鋼製支保有無(全選択肢網羅)
・「なし」と表示されているが、外部設計と正しいか
ダンプトラックによるずり運搬の計上区分(全選択肢網羅)
・「計上しない」と表示されているが、外部設計と正しいか
集塵機の計上区分(全選択肢網羅)
・「計上しない」と表示されているが、外部設計と正しいか","・岩区分 の規格名計上が意図通りの場所に正しく計上されているか
・設計掘削断面積 の規格名計上が意図通りの場所に正しく計上されているか
・切羽監視責任者の有無 の規格名計上が意図通りの場所に正しく計上されているか
・鏡吹付工施工の有無 の規格名計上が意図通りの場所に正しく計上されているか"
TC-013,新規歩掛,B,断面積35m2,無,無,排ガス未対策型(旧),-,排ガス対策型(第1次基準値),排ガス対策型(第1次基準値),計上しない,あり,計上する,計上する,,○,○,○,○,○,○,○,○,○,○,○,○,○,"岩区分(全選択肢網羅)
・「B」と表示されているが、外部設計と正しいか
設計掘削断面積(全選択肢網羅)
・「断面積35m2」と表示されているが、外部設計と正しいか
切羽監視責任者の有無(全選択肢網羅)
・「無」と表示されているが、外部設計と正しいか
鏡吹付工施工の有無(全選択肢網羅)
・「無」と表示されているが、外部設計と正しいか
(ドリルジャンボ)排ガス機械の選択(全選択肢網羅)
・「排ガス未対策型(旧)」と表示されているが、外部設計と正しいか
(大型ブレーカ)排ガス機械の選択(全選択肢網羅)
・「排ガス対策型(第1次基準値)」と表示されているが、外部設計と正しいか
(ホイールローダ)排ガス機械の選択(全選択肢網羅)
・「排ガス対策型(第1次基準値)」と表示されているが、外部設計と正しいか
ロックボルトの計上区分(全選択肢網羅)
・「計上しない」と表示されているが、外部設計と正しいか
鋼製支保有無(全選択肢網羅)
・「あり」と表示されているが、外部設計と正しいか
ダンプトラックによるずり運搬の計上区分(全選択肢網羅)
・「計上する」と表示されているが、外部設計と正しいか
集塵機の計上区分(全選択肢網羅)
・「計上する」と表示されているが、外部設計と正しいか","・岩区分 の規格名計上が意図通りの場所に正しく計上されているか
・設計掘削断面積 の規格名計上が意図通りの場所に正しく計上されているか
・切羽監視責任者の有無 の規格名計上が意図通りの場所に正しく計上されているか
・鏡吹付工施工の有無 の規格名計上が意図通りの場所に正しく計上されているか"
TC-014,新規歩掛,B,断面積35m2,無,無,排ガス未対策型(旧),-,排ガス対策型(第1次基準値),排ガス対策型(第1次基準値),計上しない,あり,計上する,計上しない,,○,○,○,○,○,○,○,○,○,○,○,○,○,"岩区分(全選択肢網羅)
・「B」と表示されているが、外部設計と正しいか
設計掘削断面積(全選択肢網羅)
・「断面積35m2」と表示されているが、外部設計と正しいか
切羽監視責任者の有無(全選択肢網羅)
・「無」と表示されているが、外部設計と正しいか
鏡吹付工施工の有無(全選択肢網羅)
・「無」と表示されているが、外部設計と正しいか
(ドリルジャンボ)排ガス機械の選択(全選択肢網羅)
・「排ガス未対策型(旧)」と表示されているが、外部設計と正しいか
(大型ブレーカ)排ガス機械の選択(全選択肢網羅)
・「排ガス対策型(第1次基準値)」と表示されているが、外部設計と正しいか
(ホイールローダ)排ガス機械の選択(全選択肢網羅)
・「排ガス対策型(第1次基準値)」と表示されているが、外部設計と正しいか
ロックボルトの計上区分(全選択肢網羅)
・「計上しない」と表示されているが、外部設計と正しいか
鋼製支保有無(全選択肢網羅)
・「あり」と表示されているが、外部設計と正しいか
ダンプトラックによるずり運搬の計上区分(全選択肢網羅)
・「計上する」と表示されているが、外部設計と正しいか
集塵機の計上区分(全選択肢網羅)
・「計上しない」と表示されているが、外部設計と正しいか","・岩区分 の規格名計上が意図通りの場所に正しく計上されているか
・設計掘削断面積 の規格名計上が意図通りの場所に正しく計上されているか
・切羽監視責任者の有無 の規格名計上が意図通りの場所に正しく計上されているか
・鏡吹付工施工の有無 の規格名計上が意図通りの場所に正しく計上されているか"
TC-015,新規歩掛,B,断面積35m2,無,無,排ガス未対策型(旧),-,排ガス対策型(第1次基準値),排ガス対策型(第1次基準値),計上しない,あり,計上しない,計上する,,○,○,○,○,○,○,○,○,○,○,○,○,,"岩区分(全選択肢網羅)
・「B」と表示されているが、外部設計と正しいか
設計掘削断面積(全選択肢網羅)
・「断面積35m2」と表示されているが、外部設計と正しいか
切羽監視責任者の有無(全選択肢網羅)
・「無」と表示されているが、外部設計と正しいか
鏡吹付工施工の有無(全選択肢網羅)
・「無」と表示されているが、外部設計と正しいか
(ドリルジャンボ)排ガス機械の選択(全選択肢網羅)
・「排ガス未対策型(旧)」と表示されているが、外部設計と正しいか
(大型ブレーカ)排ガス機械の選択(全選択肢網羅)
・「排ガス対策型(第1次基準値)」と表示されているが、外部設計と正しいか
(ホイールローダ)排ガス機械の選択(全選択肢網羅)
・「排ガス対策型(第1次基準値)」と表示されているが、外部設計と正しいか
ロックボルトの計上区分(全選択肢網羅)
・「計上しない」と表示されているが、外部設計と正しいか
鋼製支保有無(全選択肢網羅)
・「あり」と表示されているが、外部設計と正しいか
ダンプトラックによるずり運搬の計上区分(全選択肢網羅)
・「計上しない」と表示されているが、外部設計と正しいか
集塵機の計上区分(全選択肢網羅)
・「計上する」と表示されているが、外部設計と正しいか","・岩区分 の規格名計上が意図通りの場所に正しく計上されているか
・設計掘削断面積 の規格名計上が意図通りの場所に正しく計上されているか
・切羽監視責任者の有無 の規格名計上が意図通りの場所に正しく計上されているか
・鏡吹付工施工の有無 の規格名計上が意図通りの場所に正しく計上されているか"
TC-016,新規歩掛,B,断面積35m2,無,無,排ガス未対策型(旧),-,排ガス対策型(第1次基準値),排ガス対策型(第1次基準値),計上しない,あり,計上しない,計上しない,,○,○,○,○,○,○,○,○,○,○,○,○,,"岩区分(全選択肢網羅)
・「B」と表示されているが、外部設計と正しいか
設計掘削断面積(全選択肢網羅)
・「断面積35m2」と表示されているが、外部設計と正しいか
切羽監視責任者の有無(全選択肢網羅)
・「無」と表示されているが、外部設計と正しいか
鏡吹付工施工の有無(全選択肢網羅)
・「無」と表示されているが、外部設計と正しいか
(ドリルジャンボ)排ガス機械の選択(全選択肢網羅)
・「排ガス未対策型(旧)」と表示されているが、外部設計と正しいか
(大型ブレーカ)排ガス機械の選択(全選択肢網羅)
・「排ガス対策型(第1次基準値)」と表示されているが、外部設計と正しいか
(ホイールローダ)排ガス機械の選択(全選択肢網羅)
・「排ガス対策型(第1次基準値)」と表示されているが、外部設計と正しいか
ロックボルトの計上区分(全選択肢網羅)
・「計上しない」と表示されているが、外部設計と正しいか
鋼製支保有無(全選択肢網羅)
・「あり」と表示されているが、外部設計と正しいか
ダンプトラックによるずり運搬の計上区分(全選択肢網羅)
・「計上しない」と表示されているが、外部設計と正しいか
集塵機の計上区分(全選択肢網羅)
・「計上しない」と表示されているが、外部設計と正しいか","・岩区分 の規格名計上が意図通りの場所に正しく計上されているか
・設計掘削断面積 の規格名計上が意図通りの場所に正しく計上されているか
・切羽監視責任者の有無 の規格名計上が意図通りの場所に正しく計上されているか
・鏡吹付工施工の有無 の規格名計上が意図通りの場所に正しく計上されているか"
TC-017,新規歩掛,B,断面積35m2,無,無,排ガス対策型(第1次基準値),2ブーム・ドリフタ150kg級 1バスケット,排ガス対策型(第1次基準値),排ガス対策型(第1次基準値),計上する,なし,計上する,計上する,○,○,○,○,○,○,○,○,○,○,○,○,○,○,"岩区分(全選択肢網羅)
・「B」と表示されているが、外部設計と正しいか
設計掘削断面積(全選択肢網羅)
・「断面積35m2」と表示されているが、外部設計と正しいか
切羽監視責任者の有無(全選択肢網羅)
・「無」と表示されているが、外部設計と正しいか
鏡吹付工施工の有無(全選択肢網羅)
・「無」と表示されているが、外部設計と正しいか
(ドリルジャンボ)排ガス機械の選択(全選択肢網羅)
・「排ガス対策型(第1次基準値)」と表示されているが、外部設計と正しいか
(大型ブレーカ)排ガス機械の選択(全選択肢網羅)
・「排ガス対策型(第1次基準値)」と表示されているが、外部設計と正しいか
(ホイールローダ)排ガス機械の選択(全選択肢網羅)
・「排ガス対策型(第1次基準値)」と表示されているが、外部設計と正しいか
ロックボルトの計上区分(全選択肢網羅)
・「計上する」と表示されているが、外部設計と正しいか
鋼製支保有無(全選択肢網羅)
・「なし」と表示されているが、外部設計と正しいか
ダンプトラックによるずり運搬の計上区分(全選択肢網羅)
・「計上する」と表示されているが、外部設計と正しいか
集塵機の計上区分(全選択肢網羅)
・「計上する」と表示されているが、外部設計と正しいか","・岩区分 の規格名計上が意図通りの場所に正しく計上されているか
・設計掘削断面積 の規格名計上が意図通りの場所に正しく計上されているか
・切羽監視責任者の有無 の規格名計上が意図通りの場所に正しく計上されているか
・鏡吹付工施工の有無 の規格名計上が意図通りの場所に正しく計上されているか"
TC-018,新規歩掛,B,断面積35m2,無,無,排ガス対策型(第1次基準値),2ブーム・ドリフタ150kg級 1バスケット,排ガス対策型(第1次基準値),排ガス対策型(第1次基準値),計上する,なし,計上する,計上しない,○,○,○,○,○,○,○,○,○,○,○,○,○,○,"岩区分(全選択肢網羅)
・「B」と表示されているが、外部設計と正しいか
設計掘削断面積(全選択肢網羅)
・「断面積35m2」と表示されているが、外部設計と正しいか
切羽監視責任者の有無(全選択肢網羅)
・「無」と表示されているが、外部設計と正しいか
鏡吹付工施工の有無(全選択肢網羅)
・「無」と表示されているが、外部設計と正しいか
(ドリルジャンボ)排ガス機械の選択(全選択肢網羅)
・「排ガス対策型(第1次基準値)」と表示されているが、外部設計と正しいか
(大型ブレーカ)排ガス機械の選択(全選択肢網羅)
・「排ガス対策型(第1次基準値)」と表示されているが、外部設計と正しいか
(ホイールローダ)排ガス機械の選択(全選択肢網羅)
・「排ガス対策型(第1次基準値)」と表示されているが、外部設計と正しいか
ロックボルトの計上区分(全選択肢網羅)
・「計上する」と表示されているが、外部設計と正しいか
鋼製支保有無(全選択肢網羅)
・「なし」と表示されているが、外部設計と正しいか
ダンプトラックによるずり運搬の計上区分(全選択肢網羅)
・「計上する」と表示されているが、外部設計と正しいか
集塵機の計上区分(全選択肢網羅)
・「計上しない」と表示されているが、外部設計と正しいか","・岩区分 の規格名計上が意図通りの場所に正しく計上されているか
・設計掘削断面積 の規格名計上が意図通りの場所に正しく計上されているか
・切羽監視責任者の有無 の規格名計上が意図通りの場所に正しく計上されているか
・鏡吹付工施工の有無 の規格名計上が意図通りの場所に正しく計上されているか"
TC-019,新規歩掛,B,断面積35m2,無,無,排ガス対策型(第1次基準値),2ブーム・ドリフタ150kg級 1バスケット,排ガス対策型(第1次基準値),排ガス対策型(第1次基準値),計上する,なし,計上しない,計上する,○,○,○,○,○,○,○,○,○,○,○,○,○,,"岩区分(全選択肢網羅)
・「B」と表示されているが、外部設計と正しいか
設計掘削断面積(全選択肢網羅)
・「断面積35m2」と表示されているが、外部設計と正しいか
切羽監視責任者の有無(全選択肢網羅)
・「無」と表示されているが、外部設計と正しいか
鏡吹付工施工の有無(全選択肢網羅)
・「無」と表示されているが、外部設計と正しいか
(ドリルジャンボ)排ガス機械の選択(全選択肢網羅)
・「排ガス対策型(第1次基準値)」と表示されているが、外部設計と正しいか
(大型ブレーカ)排ガス機械の選択(全選択肢網羅)
・「排ガス対策型(第1次基準値)」と表示されているが、外部設計と正しいか
(ホイールローダ)排ガス機械の選択(全選択肢網羅)
・「排ガス対策型(第1次基準値)」と表示されているが、外部設計と正しいか
ロックボルトの計上区分(全選択肢網羅)
・「計上する」と表示されているが、外部設計と正しいか
鋼製支保有無(全選択肢網羅)
・「なし」と表示されているが、外部設計と正しいか
ダンプトラックによるずり運搬の計上区分(全選択肢網羅)
・「計上しない」と表示されているが、外部設計と正しいか
集塵機の計上区分(全選択肢網羅)
・「計上する」と表示されているが、外部設計と正しいか","・岩区分 の規格名計上が意図通りの場所に正しく計上されているか
・設計掘削断面積 の規格名計上が意図通りの場所に正しく計上されているか
・切羽監視責任者の有無 の規格名計上が意図通りの場所に正しく計上されているか
・鏡吹付工施工の有無 の規格名計上が意図通りの場所に正しく計上されているか"
TC-020,新規歩掛,B,断面積35m2,無,無,排ガス対策型(第1次基準値),2ブーム・ドリフタ150kg級 1バスケット,排ガス対策型(第1次基準値),排ガス対策型(第1次基準値),計上する,なし,計上しない,計上しない,○,○,○,○,○,○,○,○,○,○,○,○,○,,"岩区分(全選択肢網羅)
・「B」と表示されているが、外部設計と正しいか
設計掘削断面積(全選択肢網羅)
・「断面積35m2」と表示されているが、外部設計と正しいか
切羽監視責任者の有無(全選択肢網羅)
・「無」と表示されているが、外部設計と正しいか
鏡吹付工施工の有無(全選択肢網羅)
・「無」と表示されているが、外部設計と正しいか
(ドリルジャンボ)排ガス機械の選択(全選択肢網羅)
・「排ガス対策型(第1次基準値)」と表示されているが、外部設計と正しいか
(大型ブレーカ)排ガス機械の選択(全選択肢網羅)
・「排ガス対策型(第1次基準値)」と表示されているが、外部設計と正しいか
(ホイールローダ)排ガス機械の選択(全選択肢網羅)
・「排ガス対策型(第1次基準値)」と表示されているが、外部設計と正しいか
ロックボルトの計上区分(全選択肢網羅)
・「計上する」と表示されているが、外部設計と正しいか
鋼製支保有無(全選択肢網羅)
・「なし」と表示されているが、外部設計と正しいか
ダンプトラックによるずり運搬の計上区分(全選択肢網羅)
・「計上しない」と表示されているが、外部設計と正しいか
集塵機の計上区分(全選択肢網羅)
・「計上しない」と表示されているが、外部設計と正しいか","・岩区分 の規格名計上が意図通りの場所に正しく計上されているか
・設計掘削断面積 の規格名計上が意図通りの場所に正しく計上されているか
・切羽監視責任者の有無 の規格名計上が意図通りの場所に正しく計上されているか
・鏡吹付工施工の有無 の規格名計上が意図通りの場所に正しく計上されているか"
TC-021,新規歩掛,B,断面積35m2,無,無,排ガス対策型(第1次基準値),2ブーム・ドリフタ150kg級 1バスケット,排ガス対策型(第1次基準値),排ガス対策型(第1次基準値),計上する,あり,計上する,計上する,○,○,○,○,○,○,○,○,○,○,○,○,○,○,"岩区分(全選択肢網羅)
・「B」と表示されているが、外部設計と正しいか
設計掘削断面積(全選択肢網羅)
・「断面積35m2」と表示されているが、外部設計と正しいか
切羽監視責任者の有無(全選択肢網羅)
・「無」と表示されているが、外部設計と正しいか
鏡吹付工施工の有無(全選択肢網羅)
・「無」と表示されているが、外部設計と正しいか
(ドリルジャンボ)排ガス機械の選択(全選択肢網羅)
・「排ガス対策型(第1次基準値)」と表示されているが、外部設計と正しいか
(大型ブレーカ)排ガス機械の選択(全選択肢網羅)
・「排ガス対策型(第1次基準値)」と表示されているが、外部設計と正しいか
(ホイールローダ)排ガス機械の選択(全選択肢網羅)
・「排ガス対策型(第1次基準値)」と表示されているが、外部設計と正しいか
ロックボルトの計上区分(全選択肢網羅)
・「計上する」と表示されているが、外部設計と正しいか
鋼製支保有無(全選択肢網羅)
・「あり」と表示されているが、外部設計と正しいか
ダンプトラックによるずり運搬の計上区分(全選択肢網羅)
・「計上する」と表示されているが、外部設計と正しいか
集塵機の計上区分(全選択肢網羅)
・「計上する」と表示されているが、外部設計と正しいか","・岩区分 の規格名計上が意図通りの場所に正しく計上されているか
・設計掘削断面積 の規格名計上が意図通りの場所に正しく計上されているか
・切羽監視責任者の有無 の規格名計上が意図通りの場所に正しく計上されているか
・鏡吹付工施工の有無 の規格名計上が意図通りの場所に正しく計上されているか"
TC-022,新規歩掛,B,断面積35m2,無,無,排ガス対策型(第1次基準値),2ブーム・ドリフタ150kg級 1バスケット,排ガス対策型(第1次基準値),排ガス対策型(第1次基準値),計上する,あり,計上する,計上しない,○,○,○,○,○,○,○,○,○,○,○,○,○,○,"岩区分(全選択肢網羅)
・「B」と表示されているが、外部設計と正しいか
設計掘削断面積(全選択肢網羅)
・「断面積35m2」と表示されているが、外部設計と正しいか
切羽監視責任者の有無(全選択肢網羅)
・「無」と表示されているが、外部設計と正しいか
鏡吹付工施工の有無(全選択肢網羅)
・「無」と表示されているが、外部設計と正しいか
(ドリルジャンボ)排ガス機械の選択(全選択肢網羅)
・「排ガス対策型(第1次基準値)」と表示されているが、外部設計と正しいか
(大型ブレーカ)排ガス機械の選択(全選択肢網羅)
・「排ガス対策型(第1次基準値)」と表示されているが、外部設計と正しいか
(ホイールローダ)排ガス機械の選択(全選択肢網羅)
・「排ガス対策型(第1次基準値)」と表示されているが、外部設計と正しいか
ロックボルトの計上区分(全選択肢網羅)
・「計上する」と表示されているが、外部設計と正しいか
鋼製支保有無(全選択肢網羅)
・「あり」と表示されているが、外部設計と正しいか
ダンプトラックによるずり運搬の計上区分(全選択肢網羅)
・「計上する」と表示されているが、外部設計と正しいか
集塵機の計上区分(全選択肢網羅)
・「計上しない」と表示されているが、外部設計と正しいか","・岩区分 の規格名計上が意図通りの場所に正しく計上されているか
・設計掘削断面積 の規格名計上が意図通りの場所に正しく計上されているか
・切羽監視責任者の有無 の規格名計上が意図通りの場所に正しく計上されているか
・鏡吹付工施工の有無 の規格名計上が意図通りの場所に正しく計上されているか"
TC-023,新規歩掛,B,断面積35m2,無,無,排ガス対策型(第1次基準値),2ブーム・ドリフタ150kg級 1バスケット,排ガス対策型(第1次基準値),排ガス対策型(第1次基準値),計上する,あり,計上しない,計上する,○,○,○,○,○,○,○,○,○,○,○,○,○,,"岩区分(全選択肢網羅)
・「B」と表示されているが、外部設計と正しいか
設計掘削断面積(全選択肢網羅)
・「断面積35m2」と表示されているが、外部設計と正しいか
切羽監視責任者の有無(全選択肢網羅)
・「無」と表示されているが、外部設計と正しいか
鏡吹付工施工の有無(全選択肢網羅)
・「無」と表示されているが、外部設計と正しいか
(ドリルジャンボ)排ガス機械の選択(全選択肢網羅)
・「排ガス対策型(第1次基準値)」と表示されているが、外部設計と正しいか
(大型ブレーカ)排ガス機械の選択(全選択肢網羅)
・「排ガス対策型(第1次基準値)」と表示されているが、外部設計と正しいか
(ホイールローダ)排ガス機械の選択(全選択肢網羅)
・「排ガス対策型(第1次基準値)」と表示されているが、外部設計と正しいか
ロックボルトの計上区分(全選択肢網羅)
・「計上する」と表示されているが、外部設計と正しいか
鋼製支保有無(全選択肢網羅)
・「あり」と表示されているが、外部設計と正しいか
ダンプトラックによるずり運搬の計上区分(全選択肢網羅)
・「計上しない」と表示されているが、外部設計と正しいか
集塵機の計上区分(全選択肢網羅)
・「計上する」と表示されているが、外部設計と正しいか","・岩区分 の規格名計上が意図通りの場所に正しく計上されているか
・設計掘削断面積 の規格名計上が意図通りの場所に正しく計上されているか
・切羽監視責任者の有無 の規格名計上が意図通りの場所に正しく計上されているか
・鏡吹付工施工の有無 の規格名計上が意図通りの場所に正しく計上されているか"
TC-024,新規歩掛,B,断面積35m2,無,無,排ガス対策型(第1次基準値),2ブーム・ドリフタ150kg級 1バスケット,排ガス対策型(第1次基準値),排ガス対策型(第1次基準値),計上する,あり,計上しない,計上しない,○,○,○,○,○,○,○,○,○,○,○,○,○,,"岩区分(全選択肢網羅)
・「B」と表示されているが、外部設計と正しいか
設計掘削断面積(全選択肢網羅)
・「断面積35m2」と表示されているが、外部設計と正しいか
切羽監視責任者の有無(全選択肢網羅)
・「無」と表示されているが、外部設計と正しいか
鏡吹付工施工の有無(全選択肢網羅)
・「無」と表示されているが、外部設計と正しいか
(ドリルジャンボ)排ガス機械の選択(全選択肢網羅)
・「排ガス対策型(第1次基準値)」と表示されているが、外部設計と正しいか
(大型ブレーカ)排ガス機械の選択(全選択肢網羅)
・「排ガス対策型(第1次基準値)」と表示されているが、外部設計と正しいか
(ホイールローダ)排ガス機械の選択(全選択肢網羅)
・「排ガス対策型(第1次基準値)」と表示されているが、外部設計と正しいか
ロックボルトの計上区分(全選択肢網羅)
・「計上する」と表示されているが、外部設計と正しいか
鋼製支保有無(全選択肢網羅)
・「あり」と表示されているが、外部設計と正しいか
ダンプトラックによるずり運搬の計上区分(全選択肢網羅)
・「計上しない」と表示されているが、外部設計と正しいか
集塵機の計上区分(全選択肢網羅)
・「計上しない」と表示されているが、外部設計と正しいか","・岩区分 の規格名計上が意図通りの場所に正しく計上されているか
・設計掘削断面積 の規格名計上が意図通りの場所に正しく計上されているか
・切羽監視責任者の有無 の規格名計上が意図通りの場所に正しく計上されているか
・鏡吹付工施工の有無 の規格名計上が意図通りの場所に正しく計上されているか"
TC-025,新規歩掛,B,断面積35m2,無,無,排ガス対策型(第1次基準値),2ブーム・ドリフタ150kg級 1バスケット,排ガス対策型(第1次基準値),排ガス対策型(第1次基準値),計上しない,なし,計上する,計上する,,○,○,○,○,○,○,○,○,○,○,○,○,○,"岩区分(全選択肢網羅)
・「B」と表示されているが、外部設計と正しいか
設計掘削断面積(全選択肢網羅)
・「断面積35m2」と表示されているが、外部設計と正しいか
切羽監視責任者の有無(全選択肢網羅)
・「無」と表示されているが、外部設計と正しいか
鏡吹付工施工の有無(全選択肢網羅)
・「無」と表示されているが、外部設計と正しいか
(ドリルジャンボ)排ガス機械の選択(全選択肢網羅)
・「排ガス対策型(第1次基準値)」と表示されているが、外部設計と正しいか
(大型ブレーカ)排ガス機械の選択(全選択肢網羅)
・「排ガス対策型(第1次基準値)」と表示されているが、外部設計と正しいか
(ホイールローダ)排ガス機械の選択(全選択肢網羅)
・「排ガス対策型(第1次基準値)」と表示されているが、外部設計と正しいか
ロックボルトの計上区分(全選択肢網羅)
・「計上しない」と表示されているが、外部設計と正しいか
鋼製支保有無(全選択肢網羅)
・「なし」と表示されているが、外部設計と正しいか
ダンプトラックによるずり運搬の計上区分(全選択肢網羅)
・「計上する」と表示されているが、外部設計と正しいか
集塵機の計上区分(全選択肢網羅)
・「計上する」と表示されているが、外部設計と正しいか","・岩区分 の規格名計上が意図通りの場所に正しく計上されているか
・設計掘削断面積 の規格名計上が意図通りの場所に正しく計上されているか
・切羽監視責任者の有無 の規格名計上が意図通りの場所に正しく計上されているか
・鏡吹付工施工の有無 の規格名計上が意図通りの場所に正しく計上されているか"
TC-026,新規歩掛,B,断面積35m2,無,無,排ガス対策型(第1次基準値),2ブーム・ドリフタ150kg級 1バスケット,排ガス対策型(第1次基準値),排ガス対策型(第1次基準値),計上しない,なし,計上する,計上しない,,○,○,○,○,○,○,○,○,○,○,○,○,○,"岩区分(全選択肢網羅)
・「B」と表示されているが、外部設計と正しいか
設計掘削断面積(全選択肢網羅)
・「断面積35m2」と表示されているが、外部設計と正しいか
切羽監視責任者の有無(全選択肢網羅)
・「無」と表示されているが、外部設計と正しいか
鏡吹付工施工の有無(全選択肢網羅)
・「無」と表示されているが、外部設計と正しいか
(ドリルジャンボ)排ガス機械の選択(全選択肢網羅)
・「排ガス対策型(第1次基準値)」と表示されているが、外部設計と正しいか
(大型ブレーカ)排ガス機械の選択(全選択肢網羅)
・「排ガス対策型(第1次基準値)」と表示されているが、外部設計と正しいか
(ホイールローダ)排ガス機械の選択(全選択肢網羅)
・「排ガス対策型(第1次基準値)」と表示されているが、外部設計と正しいか
ロックボルトの計上区分(全選択肢網羅)
・「計上しない」と表示されているが、外部設計と正しいか
鋼製支保有無(全選択肢網羅)
・「なし」と表示されているが、外部設計と正しいか
ダンプトラックによるずり運搬の計上区分(全選択肢網羅)
・「計上する」と表示されているが、外部設計と正しいか
集塵機の計上区分(全選択肢網羅)
・「計上しない」と表示されているが、外部設計と正しいか","・岩区分 の規格名計上が意図通りの場所に正しく計上されているか
・設計掘削断面積 の規格名計上が意図通りの場所に正しく計上されているか
・切羽監視責任者の有無 の規格名計上が意図通りの場所に正しく計上されているか
・鏡吹付工施工の有無 の規格名計上が意図通りの場所に正しく計上されているか"
TC-027,新規歩掛,B,断面積35m2,無,無,排ガス対策型(第1次基準値),2ブーム・ドリフタ150kg級 1バスケット,排ガス対策型(第1次基準値),排ガス対策型(第1次基準値),計上しない,なし,計上しない,計上する,,○,○,○,○,○,○,○,○,○,○,○,○,,"岩区分(全選択肢網羅)
・「B」と表示されているが、外部設計と正しいか
設計掘削断面積(全選択肢網羅)
・「断面積35m2」と表示されているが、外部設計と正しいか
切羽監視責任者の有無(全選択肢網羅)
・「無」と表示されているが、外部設計と正しいか
鏡吹付工施工の有無(全選択肢網羅)
・「無」と表示されているが、外部設計と正しいか
(ドリルジャンボ)排ガス機械の選択(全選択肢網羅)
・「排ガス対策型(第1次基準値)」と表示されているが、外部設計と正しいか
(大型ブレーカ)排ガス機械の選択(全選択肢網羅)
・「排ガス対策型(第1次基準値)」と表示されているが、外部設計と正しいか
(ホイールローダ)排ガス機械の選択(全選択肢網羅)
・「排ガス対策型(第1次基準値)」と表示されているが、外部設計と正しいか
ロックボルトの計上区分(全選択肢網羅)
・「計上しない」と表示されているが、外部設計と正しいか
鋼製支保有無(全選択肢網羅)
・「なし」と表示されているが、外部設計と正しいか
ダンプトラックによるずり運搬の計上区分(全選択肢網羅)
・「計上しない」と表示されているが、外部設計と正しいか
集塵機の計上区分(全選択肢網羅)
・「計上する」と表示されているが、外部設計と正しいか","・岩区分 の規格名計上が意図通りの場所に正しく計上されているか
・設計掘削断面積 の規格名計上が意図通りの場所に正しく計上されているか
・切羽監視責任者の有無 の規格名計上が意図通りの場所に正しく計上されているか
・鏡吹付工施工の有無 の規格名計上が意図通りの場所に正しく計上されているか"
TC-028,新規歩掛,B,断面積35m2,無,無,排ガス対策型(第1次基準値),2ブーム・ドリフタ150kg級 1バスケット,排ガス対策型(第1次基準値),排ガス対策型(第1次基準値),計上しない,なし,計上しない,計上しない,,○,○,○,○,○,○,○,○,○,○,○,○,,"岩区分(全選択肢網羅)
・「B」と表示されているが、外部設計と正しいか
設計掘削断面積(全選択肢網羅)
・「断面積35m2」と表示されているが、外部設計と正しいか
切羽監視責任者の有無(全選択肢網羅)
・「無」と表示されているが、外部設計と正しいか
鏡吹付工施工の有無(全選択肢網羅)
・「無」と表示されているが、外部設計と正しいか
(ドリルジャンボ)排ガス機械の選択(全選択肢網羅)
・「排ガス対策型(第1次基準値)」と表示されているが、外部設計と正しいか
(大型ブレーカ)排ガス機械の選択(全選択肢網羅)
・「排ガス対策型(第1次基準値)」と表示されているが、外部設計と正しいか
(ホイールローダ)排ガス機械の選択(全選択肢網羅)
・「排ガス対策型(第1次基準値)」と表示されているが、外部設計と正しいか
ロックボルトの計上区分(全選択肢網羅)
・「計上しない」と表示されているが、外部設計と正しいか
鋼製支保有無(全選択肢網羅)
・「なし」と表示されているが、外部設計と正しいか
ダンプトラックによるずり運搬の計上区分(全選択肢網羅)
・「計上しない」と表示されているが、外部設計と正しいか
集塵機の計上区分(全選択肢網羅)
・「計上しない」と表示されているが、外部設計と正しいか","・岩区分 の規格名計上が意図通りの場所に正しく計上されているか
・設計掘削断面積 の規格名計上が意図通りの場所に正しく計上されているか
・切羽監視責任者の有無 の規格名計上が意図通りの場所に正しく計上されているか
・鏡吹付工施工の有無 の規格名計上が意図通りの場所に正しく計上されているか"
TC-029,新規歩掛,B,断面積35m2,無,無,排ガス対策型(第1次基準値),2ブーム・ドリフタ150kg級 1バスケット,排ガス対策型(第1次基準値),排ガス対策型(第1次基準値),計上しない,あり,計上する,計上する,,○,○,○,○,○,○,○,○,○,○,○,○,○,"岩区分(全選択肢網羅)
・「B」と表示されているが、外部設計と正しいか
設計掘削断面積(全選択肢網羅)
・「断面積35m2」と表示されているが、外部設計と正しいか
切羽監視責任者の有無(全選択肢網羅)
・「無」と表示されているが、外部設計と正しいか
鏡吹付工施工の有無(全選択肢網羅)
・「無」と表示されているが、外部設計と正しいか
(ドリルジャンボ)排ガス機械の選択(全選択肢網羅)
・「排ガス対策型(第1次基準値)」と表示されているが、外部設計と正しいか
(大型ブレーカ)排ガス機械の選択(全選択肢網羅)
・「排ガス対策型(第1次基準値)」と表示されているが、外部設計と正しいか
(ホイールローダ)排ガス機械の選択(全選択肢網羅)
・「排ガス対策型(第1次基準値)」と表示されているが、外部設計と正しいか
ロックボルトの計上区分(全選択肢網羅)
・「計上しない」と表示されているが、外部設計と正しいか
鋼製支保有無(全選択肢網羅)
・「あり」と表示されているが、外部設計と正しいか
ダンプトラックによるずり運搬の計上区分(全選択肢網羅)
・「計上する」と表示されているが、外部設計と正しいか
集塵機の計上区分(全選択肢網羅)
・「計上する」と表示されているが、外部設計と正しいか","・岩区分 の規格名計上が意図通りの場所に正しく計上されているか
・設計掘削断面積 の規格名計上が意図通りの場所に正しく計上されているか
・切羽監視責任者の有無 の規格名計上が意図通りの場所に正しく計上されているか
・鏡吹付工施工の有無 の規格名計上が意図通りの場所に正しく計上されているか"
TC-030,新規歩掛,B,断面積35m2,無,無,排ガス対策型(第1次基準値),2ブーム・ドリフタ150kg級 1バスケット,排ガス対策型(第1次基準値),排ガス対策型(第1次基準値),計上しない,あり,計上する,計上しない,,○,○,○,○,○,○,○,○,○,○,○,○,○,"岩区分(全選択肢網羅)
・「B」と表示されているが、外部設計と正しいか
設計掘削断面積(全選択肢網羅)
・「断面積35m2」と表示されているが、外部設計と正しいか
切羽監視責任者の有無(全選択肢網羅)
・「無」と表示されているが、外部設計と正しいか
鏡吹付工施工の有無(全選択肢網羅)
・「無」と表示されているが、外部設計と正しいか
(ドリルジャンボ)排ガス機械の選択(全選択肢網羅)
・「排ガス対策型(第1次基準値)」と表示されているが、外部設計と正しいか
(大型ブレーカ)排ガス機械の選択(全選択肢網羅)
・「排ガス対策型(第1次基準値)」と表示されているが、外部設計と正しいか
(ホイールローダ)排ガス機械の選択(全選択肢網羅)
・「排ガス対策型(第1次基準値)」と表示されているが、外部設計と正しいか
ロックボルトの計上区分(全選択肢網羅)
・「計上しない」と表示されているが、外部設計と正しいか
鋼製支保有無(全選択肢網羅)
・「あり」と表示されているが、外部設計と正しいか
ダンプトラックによるずり運搬の計上区分(全選択肢網羅)
・「計上する」と表示されているが、外部設計と正しいか
集塵機の計上区分(全選択肢網羅)
・「計上しない」と表示されているが、外部設計と正しいか","・岩区分 の規格名計上が意図通りの場所に正しく計上されているか
・設計掘削断面積 の規格名計上が意図通りの場所に正しく計上されているか
・切羽監視責任者の有無 の規格名計上が意図通りの場所に正しく計上されているか
・鏡吹付工施工の有無 の規格名計上が意図通りの場所に正しく計上されているか"
TC-031,新規歩掛,B,断面積35m2,無,無,排ガス対策型(第1次基準値),2ブーム・ドリフタ150kg級 1バスケット,排ガス対策型(第1次基準値),排ガス対策型(第1次基準値),計上しない,あり,計上しない,計上する,,○,○,○,○,○,○,○,○,○,○,○,○,,"岩区分(全選択肢網羅)
・「B」と表示されているが、外部設計と正しいか
設計掘削断面積(全選択肢網羅)
・「断面積35m2」と表示されているが、外部設計と正しいか
切羽監視責任者の有無(全選択肢網羅)
・「無」と表示されているが、外部設計と正しいか
鏡吹付工施工の有無(全選択肢網羅)
・「無」と表示されているが、外部設計と正しいか
(ドリルジャンボ)排ガス機械の選択(全選択肢網羅)
・「排ガス対策型(第1次基準値)」と表示されているが、外部設計と正しいか
(大型ブレーカ)排ガス機械の選択(全選択肢網羅)
・「排ガス対策型(第1次基準値)」と表示されているが、外部設計と正しいか
(ホイールローダ)排ガス機械の選択(全選択肢網羅)
・「排ガス対策型(第1次基準値)」と表示されているが、外部設計と正しいか
ロックボルトの計上区分(全選択肢網羅)
・「計上しない」と表示されているが、外部設計と正しいか
鋼製支保有無(全選択肢網羅)
・「あり」と表示されているが、外部設計と正しいか
ダンプトラックによるずり運搬の計上区分(全選択肢網羅)
・「計上しない」と表示されているが、外部設計と正しいか
集塵機の計上区分(全選択肢網羅)
・「計上する」と表示されているが、外部設計と正しいか","・岩区分 の規格名計上が意図通りの場所に正しく計上されているか
・設計掘削断面積 の規格名計上が意図通りの場所に正しく計上されているか
・切羽監視責任者の有無 の規格名計上が意図通りの場所に正しく計上されているか
・鏡吹付工施工の有無 の規格名計上が意図通りの場所に正しく計上されているか"
TC-032,新規歩掛,B,断面積35m2,無,無,排ガス対策型(第1次基準値),2ブーム・ドリフタ150kg級 1バスケット,排ガス対策型(第1次基準値),排ガス対策型(第1次基準値),計上しない,あり,計上しない,計上しない,,○,○,○,○,○,○,○,○,○,○,○,○,,"岩区分(全選択肢網羅)
・「B」と表示されているが、外部設計と正しいか
設計掘削断面積(全選択肢網羅)
・「断面積35m2」と表示されているが、外部設計と正しいか
切羽監視責任者の有無(全選択肢網羅)
・「無」と表示されているが、外部設計と正しいか
鏡吹付工施工の有無(全選択肢網羅)
・「無」と表示されているが、外部設計と正しいか
(ドリルジャンボ)排ガス機械の選択(全選択肢網羅)
・「排ガス対策型(第1次基準値)」と表示されているが、外部設計と正しいか
(大型ブレーカ)排ガス機械の選択(全選択肢網羅)
・「排ガス対策型(第1次基準値)」と表示されているが、外部設計と正しいか
(ホイールローダ)排ガス機械の選択(全選択肢網羅)
・「排ガス対策型(第1次基準値)」と表示されているが、外部設計と正しいか
ロックボルトの計上区分(全選択肢網羅)
・「計上しない」と表示されているが、外部設計と正しいか
鋼製支保有無(全選択肢網羅)
・「あり」と表示されているが、外部設計と正しいか
ダンプトラックによるずり運搬の計上区分(全選択肢網羅)
・「計上しない」と表示されているが、外部設計と正しいか
集塵機の計上区分(全選択肢網羅)
・「計上しない」と表示されているが、外部設計と正しいか","・岩区分 の規格名計上が意図通りの場所に正しく計上されているか
・設計掘削断面積 の規格名計上が意図通りの場所に正しく計上されているか
・切羽監視責任者の有無 の規格名計上が意図通りの場所に正しく計上されているか
・鏡吹付工施工の有無 の規格名計上が意図通りの場所に正しく計上されているか"
TC-033,新規歩掛,B,断面積40m2,無,無,排ガス未対策型(旧),-,排ガス対策型(第1次基準値),排ガス対策型(第1次基準値),計上する,なし,計上する,計上する,○,○,○,○,○,○,○,○,○,○,○,○,○,○,"岩区分(全選択肢網羅)
・「B」と表示されているが、外部設計と正しいか
設計掘削断面積(全選択肢網羅)
・「断面積40m2」と表示されているが、外部設計と正しいか
切羽監視責任者の有無(全選択肢網羅)
・「無」と表示されているが、外部設計と正しいか
鏡吹付工施工の有無(全選択肢網羅)
・「無」と表示されているが、外部設計と正しいか
(ドリルジャンボ)排ガス機械の選択(全選択肢網羅)
・「排ガス未対策型(旧)」と表示されているが、外部設計と正しいか
(大型ブレーカ)排ガス機械の選択(全選択肢網羅)
・「排ガス対策型(第1次基準値)」と表示されているが、外部設計と正しいか
(ホイールローダ)排ガス機械の選択(全選択肢網羅)
・「排ガス対策型(第1次基準値)」と表示されているが、外部設計と正しいか
ロックボルトの計上区分(全選択肢網羅)
・「計上する」と表示されているが、外部設計と正しいか
鋼製支保有無(全選択肢網羅)
・「なし」と表示されているが、外部設計と正しいか
ダンプトラックによるずり運搬の計上区分(全選択肢網羅)
・「計上する」と表示されているが、外部設計と正しいか
集塵機の計上区分(全選択肢網羅)
・「計上する」と表示されているが、外部設計と正しいか","・岩区分 の規格名計上が意図通りの場所に正しく計上されているか
・設計掘削断面積 の規格名計上が意図通りの場所に正しく計上されているか
・切羽監視責任者の有無 の規格名計上が意図通りの場所に正しく計上されているか
・鏡吹付工施工の有無 の規格名計上が意図通りの場所に正しく計上されているか"
TC-034,新規歩掛,B,断面積40m2,無,無,排ガス未対策型(旧),-,排ガス対策型(第1次基準値),排ガス対策型(第1次基準値),計上する,なし,計上する,計上しない,○,○,○,○,○,○,○,○,○,○,○,○,○,○,"岩区分(全選択肢網羅)
・「B」と表示されているが、外部設計と正しいか
設計掘削断面積(全選択肢網羅)
・「断面積40m2」と表示されているが、外部設計と正しいか
切羽監視責任者の有無(全選択肢網羅)
・「無」と表示されているが、外部設計と正しいか
鏡吹付工施工の有無(全選択肢網羅)
・「無」と表示されているが、外部設計と正しいか
(ドリルジャンボ)排ガス機械の選択(全選択肢網羅)
・「排ガス未対策型(旧)」と表示されているが、外部設計と正しいか
(大型ブレーカ)排ガス機械の選択(全選択肢網羅)
・「排ガス対策型(第1次基準値)」と表示されているが、外部設計と正しいか
(ホイールローダ)排ガス機械の選択(全選択肢網羅)
・「排ガス対策型(第1次基準値)」と表示されているが、外部設計と正しいか
ロックボルトの計上区分(全選択肢網羅)
・「計上する」と表示されているが、外部設計と正しいか
鋼製支保有無(全選択肢網羅)
・「なし」と表示されているが、外部設計と正しいか
ダンプトラックによるずり運搬の計上区分(全選択肢網羅)
・「計上する」と表示されているが、外部設計と正しいか
集塵機の計上区分(全選択肢網羅)
・「計上しない」と表示されているが、外部設計と正しいか","・岩区分 の規格名計上が意図通りの場所に正しく計上されているか
・設計掘削断面積 の規格名計上が意図通りの場所に正しく計上されているか
・切羽監視責任者の有無 の規格名計上が意図通りの場所に正しく計上されているか
・鏡吹付工施工の有無 の規格名計上が意図通りの場所に正しく計上されているか"
TC-035,新規歩掛,B,断面積40m2,無,無,排ガス未対策型(旧),-,排ガス対策型(第1次基準値),排ガス対策型(第1次基準値),計上する,なし,計上しない,計上する,○,○,○,○,○,○,○,○,○,○,○,○,○,,"岩区分(全選択肢網羅)
・「B」と表示されているが、外部設計と正しいか
設計掘削断面積(全選択肢網羅)
・「断面積40m2」と表示されているが、外部設計と正しいか
切羽監視責任者の有無(全選択肢網羅)
・「無」と表示されているが、外部設計と正しいか
鏡吹付工施工の有無(全選択肢網羅)
・「無」と表示されているが、外部設計と正しいか
(ドリルジャンボ)排ガス機械の選択(全選択肢網羅)
・「排ガス未対策型(旧)」と表示されているが、外部設計と正しいか
(大型ブレーカ)排ガス機械の選択(全選択肢網羅)
・「排ガス対策型(第1次基準値)」と表示されているが、外部設計と正しいか
(ホイールローダ)排ガス機械の選択(全選択肢網羅)
・「排ガス対策型(第1次基準値)」と表示されているが、外部設計と正しいか
ロックボルトの計上区分(全選択肢網羅)
・「計上する」と表示されているが、外部設計と正しいか
鋼製支保有無(全選択肢網羅)
・「なし」と表示されているが、外部設計と正しいか
ダンプトラックによるずり運搬の計上区分(全選択肢網羅)
・「計上しない」と表示されているが、外部設計と正しいか
集塵機の計上区分(全選択肢網羅)
・「計上する」と表示されているが、外部設計と正しいか","・岩区分 の規格名計上が意図通りの場所に正しく計上されているか
・設計掘削断面積 の規格名計上が意図通りの場所に正しく計上されているか
・切羽監視責任者の有無 の規格名計上が意図通りの場所に正しく計上されているか
・鏡吹付工施工の有無 の規格名計上が意図通りの場所に正しく計上されているか"
TC-036,新規歩掛,B,断面積40m2,無,無,排ガス未対策型(旧),-,排ガス対策型(第1次基準値),排ガス対策型(第1次基準値),計上する,なし,計上しない,計上しない,○,○,○,○,○,○,○,○,○,○,○,○,○,,"岩区分(全選択肢網羅)
・「B」と表示されているが、外部設計と正しいか
設計掘削断面積(全選択肢網羅)
・「断面積40m2」と表示されているが、外部設計と正しいか
切羽監視責任者の有無(全選択肢網羅)
・「無」と表示されているが、外部設計と正しいか
鏡吹付工施工の有無(全選択肢網羅)
・「無」と表示されているが、外部設計と正しいか
(ドリルジャンボ)排ガス機械の選択(全選択肢網羅)
・「排ガス未対策型(旧)」と表示されているが、外部設計と正しいか
(大型ブレーカ)排ガス機械の選択(全選択肢網羅)
・「排ガス対策型(第1次基準値)」と表示されているが、外部設計と正しいか
(ホイールローダ)排ガス機械の選択(全選択肢網羅)
・「排ガス対策型(第1次基準値)」と表示されているが、外部設計と正しいか
ロックボルトの計上区分(全選択肢網羅)
・「計上する」と表示されているが、外部設計と正しいか
鋼製支保有無(全選択肢網羅)
・「なし」と表示されているが、外部設計と正しいか
ダンプトラックによるずり運搬の計上区分(全選択肢網羅)
・「計上しない」と表示されているが、外部設計と正しいか
集塵機の計上区分(全選択肢網羅)
・「計上しない」と表示されているが、外部設計と正しいか","・岩区分 の規格名計上が意図通りの場所に正しく計上されているか
・設計掘削断面積 の規格名計上が意図通りの場所に正しく計上されているか
・切羽監視責任者の有無 の規格名計上が意図通りの場所に正しく計上されているか
・鏡吹付工施工の有無 の規格名計上が意図通りの場所に正しく計上されているか"
TC-037,新規歩掛,B,断面積40m2,無,無,排ガス未対策型(旧),-,排ガス対策型(第1次基準値),排ガス対策型(第1次基準値),計上する,あり,計上する,計上する,○,○,○,○,○,○,○,○,○,○,○,○,○,○,"岩区分(全選択肢網羅)
・「B」と表示されているが、外部設計と正しいか
設計掘削断面積(全選択肢網羅)
・「断面積40m2」と表示されているが、外部設計と正しいか
切羽監視責任者の有無(全選択肢網羅)
・「無」と表示されているが、外部設計と正しいか
鏡吹付工施工の有無(全選択肢網羅)
・「無」と表示されているが、外部設計と正しいか
(ドリルジャンボ)排ガス機械の選択(全選択肢網羅)
・「排ガス未対策型(旧)」と表示されているが、外部設計と正しいか
(大型ブレーカ)排ガス機械の選択(全選択肢網羅)
・「排ガス対策型(第1次基準値)」と表示されているが、外部設計と正しいか
(ホイールローダ)排ガス機械の選択(全選択肢網羅)
・「排ガス対策型(第1次基準値)」と表示されているが、外部設計と正しいか
ロックボルトの計上区分(全選択肢網羅)
・「計上する」と表示されているが、外部設計と正しいか
鋼製支保有無(全選択肢網羅)
・「あり」と表示されているが、外部設計と正しいか
ダンプトラックによるずり運搬の計上区分(全選択肢網羅)
・「計上する」と表示されているが、外部設計と正しいか
集塵機の計上区分(全選択肢網羅)
・「計上する」と表示されているが、外部設計と正しいか","・岩区分 の規格名計上が意図通りの場所に正しく計上されているか
・設計掘削断面積 の規格名計上が意図通りの場所に正しく計上されているか
・切羽監視責任者の有無 の規格名計上が意図通りの場所に正しく計上されているか
・鏡吹付工施工の有無 の規格名計上が意図通りの場所に正しく計上されているか"
TC-038,新規歩掛,B,断面積40m2,無,無,排ガス未対策型(旧),-,排ガス対策型(第1次基準値),排ガス対策型(第1次基準値),計上する,あり,計上する,計上しない,○,○,○,○,○,○,○,○,○,○,○,○,○,○,"岩区分(全選択肢網羅)
・「B」と表示されているが、外部設計と正しいか
設計掘削断面積(全選択肢網羅)
・「断面積40m2」と表示されているが、外部設計と正しいか
切羽監視責任者の有無(全選択肢網羅)
・「無」と表示されているが、外部設計と正しいか
鏡吹付工施工の有無(全選択肢網羅)
・「無」と表示されているが、外部設計と正しいか
(ドリルジャンボ)排ガス機械の選択(全選択肢網羅)
・「排ガス未対策型(旧)」と表示されているが、外部設計と正しいか
(大型ブレーカ)排ガス機械の選択(全選択肢網羅)
・「排ガス対策型(第1次基準値)」と表示されているが、外部設計と正しいか
(ホイールローダ)排ガス機械の選択(全選択肢網羅)
・「排ガス対策型(第1次基準値)」と表示されているが、外部設計と正しいか
ロックボルトの計上区分(全選択肢網羅)
・「計上する」と表示されているが、外部設計と正しいか
鋼製支保有無(全選択肢網羅)
・「あり」と表示されているが、外部設計と正しいか
ダンプトラックによるずり運搬の計上区分(全選択肢網羅)
・「計上する」と表示されているが、外部設計と正しいか
集塵機の計上区分(全選択肢網羅)
・「計上しない」と表示されているが、外部設計と正しいか","・岩区分 の規格名計上が意図通りの場所に正しく計上されているか
・設計掘削断面積 の規格名計上が意図通りの場所に正しく計上されているか
・切羽監視責任者の有無 の規格名計上が意図通りの場所に正しく計上されているか
・鏡吹付工施工の有無 の規格名計上が意図通りの場所に正しく計上されているか"
TC-039,新規歩掛,B,断面積40m2,無,無,排ガス未対策型(旧),-,排ガス対策型(第1次基準値),排ガス対策型(第1次基準値),計上する,あり,計上しない,計上する,○,○,○,○,○,○,○,○,○,○,○,○,○,,"岩区分(全選択肢網羅)
・「B」と表示されているが、外部設計と正しいか
設計掘削断面積(全選択肢網羅)
・「断面積40m2」と表示されているが、外部設計と正しいか
切羽監視責任者の有無(全選択肢網羅)
・「無」と表示されているが、外部設計と正しいか
鏡吹付工施工の有無(全選択肢網羅)
・「無」と表示されているが、外部設計と正しいか
(ドリルジャンボ)排ガス機械の選択(全選択肢網羅)
・「排ガス未対策型(旧)」と表示されているが、外部設計と正しいか
(大型ブレーカ)排ガス機械の選択(全選択肢網羅)
・「排ガス対策型(第1次基準値)」と表示されているが、外部設計と正しいか
(ホイールローダ)排ガス機械の選択(全選択肢網羅)
・「排ガス対策型(第1次基準値)」と表示されているが、外部設計と正しいか
ロックボルトの計上区分(全選択肢網羅)
・「計上する」と表示されているが、外部設計と正しいか
鋼製支保有無(全選択肢網羅)
・「あり」と表示されているが、外部設計と正しいか
ダンプトラックによるずり運搬の計上区分(全選択肢網羅)
・「計上しない」と表示されているが、外部設計と正しいか
集塵機の計上区分(全選択肢網羅)
・「計上する」と表示されているが、外部設計と正しいか","・岩区分 の規格名計上が意図通りの場所に正しく計上されているか
・設計掘削断面積 の規格名計上が意図通りの場所に正しく計上されているか
・切羽監視責任者の有無 の規格名計上が意図通りの場所に正しく計上されているか
・鏡吹付工施工の有無 の規格名計上が意図通りの場所に正しく計上されているか"
TC-040,新規歩掛,B,断面積40m2,無,無,排ガス未対策型(旧),-,排ガス対策型(第1次基準値),排ガス対策型(第1次基準値),計上する,あり,計上しない,計上しない,○,○,○,○,○,○,○,○,○,○,○,○,○,,"岩区分(全選択肢網羅)
・「B」と表示されているが、外部設計と正しいか
設計掘削断面積(全選択肢網羅)
・「断面積40m2」と表示されているが、外部設計と正しいか
切羽監視責任者の有無(全選択肢網羅)
・「無」と表示されているが、外部設計と正しいか
鏡吹付工施工の有無(全選択肢網羅)
・「無」と表示されているが、外部設計と正しいか
(ドリルジャンボ)排ガス機械の選択(全選択肢網羅)
・「排ガス未対策型(旧)」と表示されているが、外部設計と正しいか
(大型ブレーカ)排ガス機械の選択(全選択肢網羅)
・「排ガス対策型(第1次基準値)」と表示されているが、外部設計と正しいか
(ホイールローダ)排ガス機械の選択(全選択肢網羅)
・「排ガス対策型(第1次基準値)」と表示されているが、外部設計と正しいか
ロックボルトの計上区分(全選択肢網羅)
・「計上する」と表示されているが、外部設計と正しいか
鋼製支保有無(全選択肢網羅)
・「あり」と表示されているが、外部設計と正しいか
ダンプトラックによるずり運搬の計上区分(全選択肢網羅)
・「計上しない」と表示されているが、外部設計と正しいか
集塵機の計上区分(全選択肢網羅)
・「計上しない」と表示されているが、外部設計と正しいか","・岩区分 の規格名計上が意図通りの場所に正しく計上されているか
・設計掘削断面積 の規格名計上が意図通りの場所に正しく計上されているか
・切羽監視責任者の有無 の規格名計上が意図通りの場所に正しく計上されているか
・鏡吹付工施工の有無 の規格名計上が意図通りの場所に正しく計上されているか"
TC-041,新規歩掛,B,断面積40m2,無,無,排ガス未対策型(旧),-,排ガス対策型(第1次基準値),排ガス対策型(第1次基準値),計上しない,なし,計上する,計上する,,○,○,○,○,○,○,○,○,○,○,○,○,○,"岩区分(全選択肢網羅)
・「B」と表示されているが、外部設計と正しいか
設計掘削断面積(全選択肢網羅)
・「断面積40m2」と表示されているが、外部設計と正しいか
切羽監視責任者の有無(全選択肢網羅)
・「無」と表示されているが、外部設計と正しいか
鏡吹付工施工の有無(全選択肢網羅)
・「無」と表示されているが、外部設計と正しいか
(ドリルジャンボ)排ガス機械の選択(全選択肢網羅)
・「排ガス未対策型(旧)」と表示されているが、外部設計と正しいか
(大型ブレーカ)排ガス機械の選択(全選択肢網羅)
・「排ガス対策型(第1次基準値)」と表示されているが、外部設計と正しいか
(ホイールローダ)排ガス機械の選択(全選択肢網羅)
・「排ガス対策型(第1次基準値)」と表示されているが、外部設計と正しいか
ロックボルトの計上区分(全選択肢網羅)
・「計上しない」と表示されているが、外部設計と正しいか
鋼製支保有無(全選択肢網羅)
・「なし」と表示されているが、外部設計と正しいか
ダンプトラックによるずり運搬の計上区分(全選択肢網羅)
・「計上する」と表示されているが、外部設計と正しいか
集塵機の計上区分(全選択肢網羅)
・「計上する」と表示されているが、外部設計と正しいか","・岩区分 の規格名計上が意図通りの場所に正しく計上されているか
・設計掘削断面積 の規格名計上が意図通りの場所に正しく計上されているか
・切羽監視責任者の有無 の規格名計上が意図通りの場所に正しく計上されているか
・鏡吹付工施工の有無 の規格名計上が意図通りの場所に正しく計上されているか"
TC-042,新規歩掛,B,断面積40m2,無,無,排ガス未対策型(旧),-,排ガス対策型(第1次基準値),排ガス対策型(第1次基準値),計上しない,なし,計上する,計上しない,,○,○,○,○,○,○,○,○,○,○,○,○,○,"岩区分(全選択肢網羅)
・「B」と表示されているが、外部設計と正しいか
設計掘削断面積(全選択肢網羅)
・「断面積40m2」と表示されているが、外部設計と正しいか
切羽監視責任者の有無(全選択肢網羅)
・「無」と表示されているが、外部設計と正しいか
鏡吹付工施工の有無(全選択肢網羅)
・「無」と表示されているが、外部設計と正しいか
(ドリルジャンボ)排ガス機械の選択(全選択肢網羅)
・「排ガス未対策型(旧)」と表示されているが、外部設計と正しいか
(大型ブレーカ)排ガス機械の選択(全選択肢網羅)
・「排ガス対策型(第1次基準値)」と表示されているが、外部設計と正しいか
(ホイールローダ)排ガス機械の選択(全選択肢網羅)
・「排ガス対策型(第1次基準値)」と表示されているが、外部設計と正しいか
ロックボルトの計上区分(全選択肢網羅)
・「計上しない」と表示されているが、外部設計と正しいか
鋼製支保有無(全選択肢網羅)
・「なし」と表示されているが、外部設計と正しいか
ダンプトラックによるずり運搬の計上区分(全選択肢網羅)
・「計上する」と表示されているが、外部設計と正しいか
集塵機の計上区分(全選択肢網羅)
・「計上しない」と表示されているが、外部設計と正しいか","・岩区分 の規格名計上が意図通りの場所に正しく計上されているか
・設計掘削断面積 の規格名計上が意図通りの場所に正しく計上されているか
・切羽監視責任者の有無 の規格名計上が意図通りの場所に正しく計上されているか
・鏡吹付工施工の有無 の規格名計上が意図通りの場所に正しく計上されているか"
TC-043,新規歩掛,B,断面積40m2,無,無,排ガス未対策型(旧),-,排ガス対策型(第1次基準値),排ガス対策型(第1次基準値),計上しない,なし,計上しない,計上する,,○,○,○,○,○,○,○,○,○,○,○,○,,"岩区分(全選択肢網羅)
・「B」と表示されているが、外部設計と正しいか
設計掘削断面積(全選択肢網羅)
・「断面積40m2」と表示されているが、外部設計と正しいか
切羽監視責任者の有無(全選択肢網羅)
・「無」と表示されているが、外部設計と正しいか
鏡吹付工施工の有無(全選択肢網羅)
・「無」と表示されているが、外部設計と正しいか
(ドリルジャンボ)排ガス機械の選択(全選択肢網羅)
・「排ガス未対策型(旧)」と表示されているが、外部設計と正しいか
(大型ブレーカ)排ガス機械の選択(全選択肢網羅)
・「排ガス対策型(第1次基準値)」と表示されているが、外部設計と正しいか
(ホイールローダ)排ガス機械の選択(全選択肢網羅)
・「排ガス対策型(第1次基準値)」と表示されているが、外部設計と正しいか
ロックボルトの計上区分(全選択肢網羅)
・「計上しない」と表示されているが、外部設計と正しいか
鋼製支保有無(全選択肢網羅)
・「なし」と表示されているが、外部設計と正しいか
ダンプトラックによるずり運搬の計上区分(全選択肢網羅)
・「計上しない」と表示されているが、外部設計と正しいか
集塵機の計上区分(全選択肢網羅)
・「計上する」と表示されているが、外部設計と正しいか","・岩区分 の規格名計上が意図通りの場所に正しく計上されているか
・設計掘削断面積 の規格名計上が意図通りの場所に正しく計上されているか
・切羽監視責任者の有無 の規格名計上が意図通りの場所に正しく計上されているか
・鏡吹付工施工の有無 の規格名計上が意図通りの場所に正しく計上されているか"
TC-044,新規歩掛,B,断面積40m2,無,無,排ガス未対策型(旧),-,排ガス対策型(第1次基準値),排ガス対策型(第1次基準値),計上しない,なし,計上しない,計上しない,,○,○,○,○,○,○,○,○,○,○,○,○,,"岩区分(全選択肢網羅)
・「B」と表示されているが、外部設計と正しいか
設計掘削断面積(全選択肢網羅)
・「断面積40m2」と表示されているが、外部設計と正しいか
切羽監視責任者の有無(全選択肢網羅)
・「無」と表示されているが、外部設計と正しいか
鏡吹付工施工の有無(全選択肢網羅)
・「無」と表示されているが、外部設計と正しいか
(ドリルジャンボ)排ガス機械の選択(全選択肢網羅)
・「排ガス未対策型(旧)」と表示されているが、外部設計と正しいか
(大型ブレーカ)排ガス機械の選択(全選択肢網羅)
・「排ガス対策型(第1次基準値)」と表示されているが、外部設計と正しいか
(ホイールローダ)排ガス機械の選択(全選択肢網羅)
・「排ガス対策型(第1次基準値)」と表示されているが、外部設計と正しいか
ロックボルトの計上区分(全選択肢網羅)
・「計上しない」と表示されているが、外部設計と正しいか
鋼製支保有無(全選択肢網羅)
・「なし」と表示されているが、外部設計と正しいか
ダンプトラックによるずり運搬の計上区分(全選択肢網羅)
・「計上しない」と表示されているが、外部設計と正しいか
集塵機の計上区分(全選択肢網羅)
・「計上しない」と表示されているが、外部設計と正しいか","・岩区分 の規格名計上が意図通りの場所に正しく計上されているか
・設計掘削断面積 の規格名計上が意図通りの場所に正しく計上されているか
・切羽監視責任者の有無 の規格名計上が意図通りの場所に正しく計上されているか
・鏡吹付工施工の有無 の規格名計上が意図通りの場所に正しく計上されているか"
TC-045,新規歩掛,B,断面積40m2,無,無,排ガス未対策型(旧),-,排ガス対策型(第1次基準値),排ガス対策型(第1次基準値),計上しない,あり,計上する,計上する,,○,○,○,○,○,○,○,○,○,○,○,○,○,"岩区分(全選択肢網羅)
・「B」と表示されているが、外部設計と正しいか
設計掘削断面積(全選択肢網羅)
・「断面積40m2」と表示されているが、外部設計と正しいか
切羽監視責任者の有無(全選択肢網羅)
・「無」と表示されているが、外部設計と正しいか
鏡吹付工施工の有無(全選択肢網羅)
・「無」と表示されているが、外部設計と正しいか
(ドリルジャンボ)排ガス機械の選択(全選択肢網羅)
・「排ガス未対策型(旧)」と表示されているが、外部設計と正しいか
(大型ブレーカ)排ガス機械の選択(全選択肢網羅)
・「排ガス対策型(第1次基準値)」と表示されているが、外部設計と正しいか
(ホイールローダ)排ガス機械の選択(全選択肢網羅)
・「排ガス対策型(第1次基準値)」と表示されているが、外部設計と正しいか
ロックボルトの計上区分(全選択肢網羅)
・「計上しない」と表示されているが、外部設計と正しいか
鋼製支保有無(全選択肢網羅)
・「あり」と表示されているが、外部設計と正しいか
ダンプトラックによるずり運搬の計上区分(全選択肢網羅)
・「計上する」と表示されているが、外部設計と正しいか
集塵機の計上区分(全選択肢網羅)
・「計上する」と表示されているが、外部設計と正しいか","・岩区分 の規格名計上が意図通りの場所に正しく計上されているか
・設計掘削断面積 の規格名計上が意図通りの場所に正しく計上されているか
・切羽監視責任者の有無 の規格名計上が意図通りの場所に正しく計上されているか
・鏡吹付工施工の有無 の規格名計上が意図通りの場所に正しく計上されているか"
TC-046,新規歩掛,B,断面積40m2,無,無,排ガス未対策型(旧),-,排ガス対策型(第1次基準値),排ガス対策型(第1次基準値),計上しない,あり,計上する,計上しない,,○,○,○,○,○,○,○,○,○,○,○,○,○,"岩区分(全選択肢網羅)
・「B」と表示されているが、外部設計と正しいか
設計掘削断面積(全選択肢網羅)
・「断面積40m2」と表示されているが、外部設計と正しいか
切羽監視責任者の有無(全選択肢網羅)
・「無」と表示されているが、外部設計と正しいか
鏡吹付工施工の有無(全選択肢網羅)
・「無」と表示されているが、外部設計と正しいか
(ドリルジャンボ)排ガス機械の選択(全選択肢網羅)
・「排ガス未対策型(旧)」と表示されているが、外部設計と正しいか
(大型ブレーカ)排ガス機械の選択(全選択肢網羅)
・「排ガス対策型(第1次基準値)」と表示されているが、外部設計と正しいか
(ホイールローダ)排ガス機械の選択(全選択肢網羅)
・「排ガス対策型(第1次基準値)」と表示されているが、外部設計と正しいか
ロックボルトの計上区分(全選択肢網羅)
・「計上しない」と表示されているが、外部設計と正しいか
鋼製支保有無(全選択肢網羅)
・「あり」と表示されているが、外部設計と正しいか
ダンプトラックによるずり運搬の計上区分(全選択肢網羅)
・「計上する」と表示されているが、外部設計と正しいか
集塵機の計上区分(全選択肢網羅)
・「計上しない」と表示されているが、外部設計と正しいか","・岩区分 の規格名計上が意図通りの場所に正しく計上されているか
・設計掘削断面積 の規格名計上が意図通りの場所に正しく計上されているか
・切羽監視責任者の有無 の規格名計上が意図通りの場所に正しく計上されているか
・鏡吹付工施工の有無 の規格名計上が意図通りの場所に正しく計上されているか"
TC-047,新規歩掛,B,断面積40m2,無,無,排ガス未対策型(旧),-,排ガス対策型(第1次基準値),排ガス対策型(第1次基準値),計上しない,あり,計上しない,計上する,,○,○,○,○,○,○,○,○,○,○,○,○,,"岩区分(全選択肢網羅)
・「B」と表示されているが、外部設計と正しいか
設計掘削断面積(全選択肢網羅)
・「断面積40m2」と表示されているが、外部設計と正しいか
切羽監視責任者の有無(全選択肢網羅)
・「無」と表示されているが、外部設計と正しいか
鏡吹付工施工の有無(全選択肢網羅)
・「無」と表示されているが、外部設計と正しいか
(ドリルジャンボ)排ガス機械の選択(全選択肢網羅)
・「排ガス未対策型(旧)」と表示されているが、外部設計と正しいか
(大型ブレーカ)排ガス機械の選択(全選択肢網羅)
・「排ガス対策型(第1次基準値)」と表示されているが、外部設計と正しいか
(ホイールローダ)排ガス機械の選択(全選択肢網羅)
・「排ガス対策型(第1次基準値)」と表示されているが、外部設計と正しいか
ロックボルトの計上区分(全選択肢網羅)
・「計上しない」と表示されているが、外部設計と正しいか
鋼製支保有無(全選択肢網羅)
・「あり」と表示されているが、外部設計と正しいか
ダンプトラックによるずり運搬の計上区分(全選択肢網羅)
・「計上しない」と表示されているが、外部設計と正しいか
集塵機の計上区分(全選択肢網羅)
・「計上する」と表示されているが、外部設計と正しいか","・岩区分 の規格名計上が意図通りの場所に正しく計上されているか
・設計掘削断面積 の規格名計上が意図通りの場所に正しく計上されているか
・切羽監視責任者の有無 の規格名計上が意図通りの場所に正しく計上されているか
・鏡吹付工施工の有無 の規格名計上が意図通りの場所に正しく計上されているか"
TC-048,新規歩掛,B,断面積40m2,無,無,排ガス未対策型(旧),-,排ガス対策型(第1次基準値),排ガス対策型(第1次基準値),計上しない,あり,計上しない,計上しない,,○,○,○,○,○,○,○,○,○,○,○,○,,"岩区分(全選択肢網羅)
・「B」と表示されているが、外部設計と正しいか
設計掘削断面積(全選択肢網羅)
・「断面積40m2」と表示されているが、外部設計と正しいか
切羽監視責任者の有無(全選択肢網羅)
・「無」と表示されているが、外部設計と正しいか
鏡吹付工施工の有無(全選択肢網羅)
・「無」と表示されているが、外部設計と正しいか
(ドリルジャンボ)排ガス機械の選択(全選択肢網羅)
・「排ガス未対策型(旧)」と表示されているが、外部設計と正しいか
(大型ブレーカ)排ガス機械の選択(全選択肢網羅)
・「排ガス対策型(第1次基準値)」と表示されているが、外部設計と正しいか
(ホイールローダ)排ガス機械の選択(全選択肢網羅)
・「排ガス対策型(第1次基準値)」と表示されているが、外部設計と正しいか
ロックボルトの計上区分(全選択肢網羅)
・「計上しない」と表示されているが、外部設計と正しいか
鋼製支保有無(全選択肢網羅)
・「あり」と表示されているが、外部設計と正しいか
ダンプトラックによるずり運搬の計上区分(全選択肢網羅)
・「計上しない」と表示されているが、外部設計と正しいか
集塵機の計上区分(全選択肢網羅)
・「計上しない」と表示されているが、外部設計と正しいか","・岩区分 の規格名計上が意図通りの場所に正しく計上されているか
・設計掘削断面積 の規格名計上が意図通りの場所に正しく計上されているか
・切羽監視責任者の有無 の規格名計上が意図通りの場所に正しく計上されているか
・鏡吹付工施工の有無 の規格名計上が意図通りの場所に正しく計上されているか"
TC-049,新規歩掛,B,断面積40m2,無,無,排ガス対策型(第1次基準値),2ブーム・ドリフタ150kg級 1バスケット,排ガス対策型(第1次基準値),排ガス対策型(第1次基準値),計上する,なし,計上する,計上する,○,○,○,○,○,○,○,○,○,○,○,○,○,○,"岩区分(全選択肢網羅)
・「B」と表示されているが、外部設計と正しいか
設計掘削断面積(全選択肢網羅)
・「断面積40m2」と表示されているが、外部設計と正しいか
切羽監視責任者の有無(全選択肢網羅)
・「無」と表示されているが、外部設計と正しいか
鏡吹付工施工の有無(全選択肢網羅)
・「無」と表示されているが、外部設計と正しいか
(ドリルジャンボ)排ガス機械の選択(全選択肢網羅)
・「排ガス対策型(第1次基準値)」と表示されているが、外部設計と正しいか
(大型ブレーカ)排ガス機械の選択(全選択肢網羅)
・「排ガス対策型(第1次基準値)」と表示されているが、外部設計と正しいか
(ホイールローダ)排ガス機械の選択(全選択肢網羅)
・「排ガス対策型(第1次基準値)」と表示されているが、外部設計と正しいか
ロックボルトの計上区分(全選択肢網羅)
・「計上する」と表示されているが、外部設計と正しいか
鋼製支保有無(全選択肢網羅)
・「なし」と表示されているが、外部設計と正しいか
ダンプトラックによるずり運搬の計上区分(全選択肢網羅)
・「計上する」と表示されているが、外部設計と正しいか
集塵機の計上区分(全選択肢網羅)
・「計上する」と表示されているが、外部設計と正しいか","・岩区分 の規格名計上が意図通りの場所に正しく計上されているか
・設計掘削断面積 の規格名計上が意図通りの場所に正しく計上されているか
・切羽監視責任者の有無 の規格名計上が意図通りの場所に正しく計上されているか
・鏡吹付工施工の有無 の規格名計上が意図通りの場所に正しく計上されているか"
TC-050,新規歩掛,B,断面積40m2,無,無,排ガス対策型(第1次基準値),2ブーム・ドリフタ150kg級 1バスケット,排ガス対策型(第1次基準値),排ガス対策型(第1次基準値),計上する,なし,計上する,計上しない,○,○,○,○,○,○,○,○,○,○,○,○,○,○,"岩区分(全選択肢網羅)
・「B」と表示されているが、外部設計と正しいか
設計掘削断面積(全選択肢網羅)
・「断面積40m2」と表示されているが、外部設計と正しいか
切羽監視責任者の有無(全選択肢網羅)
・「無」と表示されているが、外部設計と正しいか
鏡吹付工施工の有無(全選択肢網羅)
・「無」と表示されているが、外部設計と正しいか
(ドリルジャンボ)排ガス機械の選択(全選択肢網羅)
・「排ガス対策型(第1次基準値)」と表示されているが、外部設計と正しいか
(大型ブレーカ)排ガス機械の選択(全選択肢網羅)
・「排ガス対策型(第1次基準値)」と表示されているが、外部設計と正しいか
(ホイールローダ)排ガス機械の選択(全選択肢網羅)
・「排ガス対策型(第1次基準値)」と表示されているが、外部設計と正しいか
ロックボルトの計上区分(全選択肢網羅)
・「計上する」と表示されているが、外部設計と正しいか
鋼製支保有無(全選択肢網羅)
・「なし」と表示されているが、外部設計と正しいか
ダンプトラックによるずり運搬の計上区分(全選択肢網羅)
・「計上する」と表示されているが、外部設計と正しいか
集塵機の計上区分(全選択肢網羅)
・「計上しない」と表示されているが、外部設計と正しいか","・岩区分 の規格名計上が意図通りの場所に正しく計上されているか
・設計掘削断面積 の規格名計上が意図通りの場所に正しく計上されているか
・切羽監視責任者の有無 の規格名計上が意図通りの場所に正しく計上されているか
・鏡吹付工施工の有無 の規格名計上が意図通りの場所に正しく計上されているか"
TC-051,新規歩掛,B,断面積40m2,無,無,排ガス対策型(第1次基準値),2ブーム・ドリフタ150kg級 1バスケット,排ガス対策型(第1次基準値),排ガス対策型(第1次基準値),計上する,なし,計上しない,計上する,○,○,○,○,○,○,○,○,○,○,○,○,○,,"岩区分(全選択肢網羅)
・「B」と表示されているが、外部設計と正しいか
設計掘削断面積(全選択肢網羅)
・「断面積40m2」と表示されているが、外部設計と正しいか
切羽監視責任者の有無(全選択肢網羅)
・「無」と表示されているが、外部設計と正しいか
鏡吹付工施工の有無(全選択肢網羅)
・「無」と表示されているが、外部設計と正しいか
(ドリルジャンボ)排ガス機械の選択(全選択肢網羅)
・「排ガス対策型(第1次基準値)」と表示されているが、外部設計と正しいか
(大型ブレーカ)排ガス機械の選択(全選択肢網羅)
・「排ガス対策型(第1次基準値)」と表示されているが、外部設計と正しいか
(ホイールローダ)排ガス機械の選択(全選択肢網羅)
・「排ガス対策型(第1次基準値)」と表示されているが、外部設計と正しいか
ロックボルトの計上区分(全選択肢網羅)
・「計上する」と表示されているが、外部設計と正しいか
鋼製支保有無(全選択肢網羅)
・「なし」と表示されているが、外部設計と正しいか
ダンプトラックによるずり運搬の計上区分(全選択肢網羅)
・「計上しない」と表示されているが、外部設計と正しいか
集塵機の計上区分(全選択肢網羅)
・「計上する」と表示されているが、外部設計と正しいか","・岩区分 の規格名計上が意図通りの場所に正しく計上されているか
・設計掘削断面積 の規格名計上が意図通りの場所に正しく計上されているか
・切羽監視責任者の有無 の規格名計上が意図通りの場所に正しく計上されているか
・鏡吹付工施工の有無 の規格名計上が意図通りの場所に正しく計上されているか"
TC-052,新規歩掛,B,断面積40m2,無,無,排ガス対策型(第1次基準値),2ブーム・ドリフタ150kg級 1バスケット,排ガス対策型(第1次基準値),排ガス対策型(第1次基準値),計上する,なし,計上しない,計上しない,○,○,○,○,○,○,○,○,○,○,○,○,○,,"岩区分(全選択肢網羅)
・「B」と表示されているが、外部設計と正しいか
設計掘削断面積(全選択肢網羅)
・「断面積40m2」と表示されているが、外部設計と正しいか
切羽監視責任者の有無(全選択肢網羅)
・「無」と表示されているが、外部設計と正しいか
鏡吹付工施工の有無(全選択肢網羅)
・「無」と表示されているが、外部設計と正しいか
(ドリルジャンボ)排ガス機械の選択(全選択肢網羅)
・「排ガス対策型(第1次基準値)」と表示されているが、外部設計と正しいか
(大型ブレーカ)排ガス機械の選択(全選択肢網羅)
・「排ガス対策型(第1次基準値)」と表示されているが、外部設計と正しいか
(ホイールローダ)排ガス機械の選択(全選択肢網羅)
・「排ガス対策型(第1次基準値)」と表示されているが、外部設計と正しいか
ロックボルトの計上区分(全選択肢網羅)
・「計上する」と表示されているが、外部設計と正しいか
鋼製支保有無(全選択肢網羅)
・「なし」と表示されているが、外部設計と正しいか
ダンプトラックによるずり運搬の計上区分(全選択肢網羅)
・「計上しない」と表示されているが、外部設計と正しいか
集塵機の計上区分(全選択肢網羅)
・「計上しない」と表示されているが、外部設計と正しいか","・岩区分 の規格名計上が意図通りの場所に正しく計上されているか
・設計掘削断面積 の規格名計上が意図通りの場所に正しく計上されているか
・切羽監視責任者の有無 の規格名計上が意図通りの場所に正しく計上されているか
・鏡吹付工施工の有無 の規格名計上が意図通りの場所に正しく計上されているか"
TC-053,新規歩掛,B,断面積40m2,無,無,排ガス対策型(第1次基準値),2ブーム・ドリフタ150kg級 1バスケット,排ガス対策型(第1次基準値),排ガス対策型(第1次基準値),計上する,あり,計上する,計上する,○,○,○,○,○,○,○,○,○,○,○,○,○,○,"岩区分(全選択肢網羅)
・「B」と表示されているが、外部設計と正しいか
設計掘削断面積(全選択肢網羅)
・「断面積40m2」と表示されているが、外部設計と正しいか
切羽監視責任者の有無(全選択肢網羅)
・「無」と表示されているが、外部設計と正しいか
鏡吹付工施工の有無(全選択肢網羅)
・「無」と表示されているが、外部設計と正しいか
(ドリルジャンボ)排ガス機械の選択(全選択肢網羅)
・「排ガス対策型(第1次基準値)」と表示されているが、外部設計と正しいか
(大型ブレーカ)排ガス機械の選択(全選択肢網羅)
・「排ガス対策型(第1次基準値)」と表示されているが、外部設計と正しいか
(ホイールローダ)排ガス機械の選択(全選択肢網羅)
・「排ガス対策型(第1次基準値)」と表示されているが、外部設計と正しいか
ロックボルトの計上区分(全選択肢網羅)
・「計上する」と表示されているが、外部設計と正しいか
鋼製支保有無(全選択肢網羅)
・「あり」と表示されているが、外部設計と正しいか
ダンプトラックによるずり運搬の計上区分(全選択肢網羅)
・「計上する」と表示されているが、外部設計と正しいか
集塵機の計上区分(全選択肢網羅)
・「計上する」と表示されているが、外部設計と正しいか","・岩区分 の規格名計上が意図通りの場所に正しく計上されているか
・設計掘削断面積 の規格名計上が意図通りの場所に正しく計上されているか
・切羽監視責任者の有無 の規格名計上が意図通りの場所に正しく計上されているか
・鏡吹付工施工の有無 の規格名計上が意図通りの場所に正しく計上されているか"
TC-054,新規歩掛,B,断面積40m2,無,無,排ガス対策型(第1次基準値),2ブーム・ドリフタ150kg級 1バスケット,排ガス対策型(第1次基準値),排ガス対策型(第1次基準値),計上する,あり,計上する,計上しない,○,○,○,○,○,○,○,○,○,○,○,○,○,○,"岩区分(全選択肢網羅)
・「B」と表示されているが、外部設計と正しいか
設計掘削断面積(全選択肢網羅)
・「断面積40m2」と表示されているが、外部設計と正しいか
切羽監視責任者の有無(全選択肢網羅)
・「無」と表示されているが、外部設計と正しいか
鏡吹付工施工の有無(全選択肢網羅)
・「無」と表示されているが、外部設計と正しいか
(ドリルジャンボ)排ガス機械の選択(全選択肢網羅)
・「排ガス対策型(第1次基準値)」と表示されているが、外部設計と正しいか
(大型ブレーカ)排ガス機械の選択(全選択肢網羅)
・「排ガス対策型(第1次基準値)」と表示されているが、外部設計と正しいか
(ホイールローダ)排ガス機械の選択(全選択肢網羅)
・「排ガス対策型(第1次基準値)」と表示されているが、外部設計と正しいか
ロックボルトの計上区分(全選択肢網羅)
・「計上する」と表示されているが、外部設計と正しいか
鋼製支保有無(全選択肢網羅)
・「あり」と表示されているが、外部設計と正しいか
ダンプトラックによるずり運搬の計上区分(全選択肢網羅)
・「計上する」と表示されているが、外部設計と正しいか
集塵機の計上区分(全選択肢網羅)
・「計上しない」と表示されているが、外部設計と正しいか","・岩区分 の規格名計上が意図通りの場所に正しく計上されているか
・設計掘削断面積 の規格名計上が意図通りの場所に正しく計上されているか
・切羽監視責任者の有無 の規格名計上が意図通りの場所に正しく計上されているか
・鏡吹付工施工の有無 の規格名計上が意図通りの場所に正しく計上されているか"
TC-055,新規歩掛,B,断面積40m2,無,無,排ガス対策型(第1次基準値),2ブーム・ドリフタ150kg級 1バスケット,排ガス対策型(第1次基準値),排ガス対策型(第1次基準値),計上する,あり,計上しない,計上する,○,○,○,○,○,○,○,○,○,○,○,○,○,,"岩区分(全選択肢網羅)
・「B」と表示されているが、外部設計と正しいか
設計掘削断面積(全選択肢網羅)
・「断面積40m2」と表示されているが、外部設計と正しいか
切羽監視責任者の有無(全選択肢網羅)
・「無」と表示されているが、外部設計と正しいか
鏡吹付工施工の有無(全選択肢網羅)
・「無」と表示されているが、外部設計と正しいか
(ドリルジャンボ)排ガス機械の選択(全選択肢網羅)
・「排ガス対策型(第1次基準値)」と表示されているが、外部設計と正しいか
(大型ブレーカ)排ガス機械の選択(全選択肢網羅)
・「排ガス対策型(第1次基準値)」と表示されているが、外部設計と正しいか
(ホイールローダ)排ガス機械の選択(全選択肢網羅)
・「排ガス対策型(第1次基準値)」と表示されているが、外部設計と正しいか
ロックボルトの計上区分(全選択肢網羅)
・「計上する」と表示されているが、外部設計と正しいか
鋼製支保有無(全選択肢網羅)
・「あり」と表示されているが、外部設計と正しいか
ダンプトラックによるずり運搬の計上区分(全選択肢網羅)
・「計上しない」と表示されているが、外部設計と正しいか
集塵機の計上区分(全選択肢網羅)
・「計上する」と表示されているが、外部設計と正しいか","・岩区分 の規格名計上が意図通りの場所に正しく計上されているか
・設計掘削断面積 の規格名計上が意図通りの場所に正しく計上されているか
・切羽監視責任者の有無 の規格名計上が意図通りの場所に正しく計上されているか
・鏡吹付工施工の有無 の規格名計上が意図通りの場所に正しく計上されているか"
TC-056,新規歩掛,B,断面積40m2,無,無,排ガス対策型(第1次基準値),2ブーム・ドリフタ150kg級 1バスケット,排ガス対策型(第1次基準値),排ガス対策型(第1次基準値),計上する,あり,計上しない,計上しない,○,○,○,○,○,○,○,○,○,○,○,○,○,,"岩区分(全選択肢網羅)
・「B」と表示されているが、外部設計と正しいか
設計掘削断面積(全選択肢網羅)
・「断面積40m2」と表示されているが、外部設計と正しいか
切羽監視責任者の有無(全選択肢網羅)
・「無」と表示されているが、外部設計と正しいか
鏡吹付工施工の有無(全選択肢網羅)
・「無」と表示されているが、外部設計と正しいか
(ドリルジャンボ)排ガス機械の選択(全選択肢網羅)
・「排ガス対策型(第1次基準値)」と表示されているが、外部設計と正しいか
(大型ブレーカ)排ガス機械の選択(全選択肢網羅)
・「排ガス対策型(第1次基準値)」と表示されているが、外部設計と正しいか
(ホイールローダ)排ガス機械の選択(全選択肢網羅)
・「排ガス対策型(第1次基準値)」と表示されているが、外部設計と正しいか
ロックボルトの計上区分(全選択肢網羅)
・「計上する」と表示されているが、外部設計と正しいか
鋼製支保有無(全選択肢網羅)
・「あり」と表示されているが、外部設計と正しいか
ダンプトラックによるずり運搬の計上区分(全選択肢網羅)
・「計上しない」と表示されているが、外部設計と正しいか
集塵機の計上区分(全選択肢網羅)
・「計上しない」と表示されているが、外部設計と正しいか","・岩区分 の規格名計上が意図通りの場所に正しく計上されているか
・設計掘削断面積 の規格名計上が意図通りの場所に正しく計上されているか
・切羽監視責任者の有無 の規格名計上が意図通りの場所に正しく計上されているか
・鏡吹付工施工の有無 の規格名計上が意図通りの場所に正しく計上されているか"
TC-057,新規歩掛,B,断面積40m2,無,無,排ガス対策型(第1次基準値),2ブーム・ドリフタ150kg級 1バスケット,排ガス対策型(第1次基準値),排ガス対策型(第1次基準値),計上しない,なし,計上する,計上する,,○,○,○,○,○,○,○,○,○,○,○,○,○,"岩区分(全選択肢網羅)
・「B」と表示されているが、外部設計と正しいか
設計掘削断面積(全選択肢網羅)
・「断面積40m2」と表示されているが、外部設計と正しいか
切羽監視責任者の有無(全選択肢網羅)
・「無」と表示されているが、外部設計と正しいか
鏡吹付工施工の有無(全選択肢網羅)
・「無」と表示されているが、外部設計と正しいか
(ドリルジャンボ)排ガス機械の選択(全選択肢網羅)
・「排ガス対策型(第1次基準値)」と表示されているが、外部設計と正しいか
(大型ブレーカ)排ガス機械の選択(全選択肢網羅)
・「排ガス対策型(第1次基準値)」と表示されているが、外部設計と正しいか
(ホイールローダ)排ガス機械の選択(全選択肢網羅)
・「排ガス対策型(第1次基準値)」と表示されているが、外部設計と正しいか
ロックボルトの計上区分(全選択肢網羅)
・「計上しない」と表示されているが、外部設計と正しいか
鋼製支保有無(全選択肢網羅)
・「なし」と表示されているが、外部設計と正しいか
ダンプトラックによるずり運搬の計上区分(全選択肢網羅)
・「計上する」と表示されているが、外部設計と正しいか
集塵機の計上区分(全選択肢網羅)
・「計上する」と表示されているが、外部設計と正しいか","・岩区分 の規格名計上が意図通りの場所に正しく計上されているか
・設計掘削断面積 の規格名計上が意図通りの場所に正しく計上されているか
・切羽監視責任者の有無 の規格名計上が意図通りの場所に正しく計上されているか
・鏡吹付工施工の有無 の規格名計上が意図通りの場所に正しく計上されているか"
TC-058,新規歩掛,B,断面積40m2,無,無,排ガス対策型(第1次基準値),2ブーム・ドリフタ150kg級 1バスケット,排ガス対策型(第1次基準値),排ガス対策型(第1次基準値),計上しない,なし,計上する,計上しない,,○,○,○,○,○,○,○,○,○,○,○,○,○,"岩区分(全選択肢網羅)
・「B」と表示されているが、外部設計と正しいか
設計掘削断面積(全選択肢網羅)
・「断面積40m2」と表示されているが、外部設計と正しいか
切羽監視責任者の有無(全選択肢網羅)
・「無」と表示されているが、外部設計と正しいか
鏡吹付工施工の有無(全選択肢網羅)
・「無」と表示されているが、外部設計と正しいか
(ドリルジャンボ)排ガス機械の選択(全選択肢網羅)
・「排ガス対策型(第1次基準値)」と表示されているが、外部設計と正しいか
(大型ブレーカ)排ガス機械の選択(全選択肢網羅)
・「排ガス対策型(第1次基準値)」と表示されているが、外部設計と正しいか
(ホイールローダ)排ガス機械の選択(全選択肢網羅)
・「排ガス対策型(第1次基準値)」と表示されているが、外部設計と正しいか
ロックボルトの計上区分(全選択肢網羅)
・「計上しない」と表示されているが、外部設計と正しいか
鋼製支保有無(全選択肢網羅)
・「なし」と表示されているが、外部設計と正しいか
ダンプトラックによるずり運搬の計上区分(全選択肢網羅)
・「計上する」と表示されているが、外部設計と正しいか
集塵機の計上区分(全選択肢網羅)
・「計上しない」と表示されているが、外部設計と正しいか","・岩区分 の規格名計上が意図通りの場所に正しく計上されているか
・設計掘削断面積 の規格名計上が意図通りの場所に正しく計上されているか
・切羽監視責任者の有無 の規格名計上が意図通りの場所に正しく計上されているか
・鏡吹付工施工の有無 の規格名計上が意図通りの場所に正しく計上されているか"
TC-059,新規歩掛,B,断面積40m2,無,無,排ガス対策型(第1次基準値),2ブーム・ドリフタ150kg級 1バスケット,排ガス対策型(第1次基準値),排ガス対策型(第1次基準値),計上しない,なし,計上しない,計上する,,○,○,○,○,○,○,○,○,○,○,○,○,,"岩区分(全選択肢網羅)
・「B」と表示されているが、外部設計と正しいか
設計掘削断面積(全選択肢網羅)
・「断面積40m2」と表示されているが、外部設計と正しいか
切羽監視責任者の有無(全選択肢網羅)
・「無」と表示されているが、外部設計と正しいか
鏡吹付工施工の有無(全選択肢網羅)
・「無」と表示されているが、外部設計と正しいか
(ドリルジャンボ)排ガス機械の選択(全選択肢網羅)
・「排ガス対策型(第1次基準値)」と表示されているが、外部設計と正しいか
(大型ブレーカ)排ガス機械の選択(全選択肢網羅)
・「排ガス対策型(第1次基準値)」と表示されているが、外部設計と正しいか
(ホイールローダ)排ガス機械の選択(全選択肢網羅)
・「排ガス対策型(第1次基準値)」と表示されているが、外部設計と正しいか
ロックボルトの計上区分(全選択肢網羅)
・「計上しない」と表示されているが、外部設計と正しいか
鋼製支保有無(全選択肢網羅)
・「なし」と表示されているが、外部設計と正しいか
ダンプトラックによるずり運搬の計上区分(全選択肢網羅)
・「計上しない」と表示されているが、外部設計と正しいか
集塵機の計上区分(全選択肢網羅)
・「計上する」と表示されているが、外部設計と正しいか","・岩区分 の規格名計上が意図通りの場所に正しく計上されているか
・設計掘削断面積 の規格名計上が意図通りの場所に正しく計上されているか
・切羽監視責任者の有無 の規格名計上が意図通りの場所に正しく計上されているか
・鏡吹付工施工の有無 の規格名計上が意図通りの場所に正しく計上されているか"
TC-060,新規歩掛,B,断面積40m2,無,無,排ガス対策型(第1次基準値),2ブーム・ドリフタ150kg級 1バスケット,排ガス対策型(第1次基準値),排ガス対策型(第1次基準値),計上しない,なし,計上しない,計上しない,,○,○,○,○,○,○,○,○,○,○,○,○,,"岩区分(全選択肢網羅)
・「B」と表示されているが、外部設計と正しいか
設計掘削断面積(全選択肢網羅)
・「断面積40m2」と表示されているが、外部設計と正しいか
切羽監視責任者の有無(全選択肢網羅)
・「無」と表示されているが、外部設計と正しいか
鏡吹付工施工の有無(全選択肢網羅)
・「無」と表示されているが、外部設計と正しいか
(ドリルジャンボ)排ガス機械の選択(全選択肢網羅)
・「排ガス対策型(第1次基準値)」と表示されているが、外部設計と正しいか
(大型ブレーカ)排ガス機械の選択(全選択肢網羅)
・「排ガス対策型(第1次基準値)」と表示されているが、外部設計と正しいか
(ホイールローダ)排ガス機械の選択(全選択肢網羅)
・「排ガス対策型(第1次基準値)」と表示されているが、外部設計と正しいか
ロックボルトの計上区分(全選択肢網羅)
・「計上しない」と表示されているが、外部設計と正しいか
鋼製支保有無(全選択肢網羅)
・「なし」と表示されているが、外部設計と正しいか
ダンプトラックによるずり運搬の計上区分(全選択肢網羅)
・「計上しない」と表示されているが、外部設計と正しいか
集塵機の計上区分(全選択肢網羅)
・「計上しない」と表示されているが、外部設計と正しいか","・岩区分 の規格名計上が意図通りの場所に正しく計上されているか
・設計掘削断面積 の規格名計上が意図通りの場所に正しく計上されているか
・切羽監視責任者の有無 の規格名計上が意図通りの場所に正しく計上されているか
・鏡吹付工施工の有無 の規格名計上が意図通りの場所に正しく計上されているか"
TC-061,新規歩掛,B,断面積40m2,無,無,排ガス対策型(第1次基準値),2ブーム・ドリフタ150kg級 1バスケット,排ガス対策型(第1次基準値),排ガス対策型(第1次基準値),計上しない,あり,計上する,計上する,,○,○,○,○,○,○,○,○,○,○,○,○,○,"岩区分(全選択肢網羅)
・「B」と表示されているが、外部設計と正しいか
設計掘削断面積(全選択肢網羅)
・「断面積40m2」と表示されているが、外部設計と正しいか
切羽監視責任者の有無(全選択肢網羅)
・「無」と表示されているが、外部設計と正しいか
鏡吹付工施工の有無(全選択肢網羅)
・「無」と表示されているが、外部設計と正しいか
(ドリルジャンボ)排ガス機械の選択(全選択肢網羅)
・「排ガス対策型(第1次基準値)」と表示されているが、外部設計と正しいか
(大型ブレーカ)排ガス機械の選択(全選択肢網羅)
・「排ガス対策型(第1次基準値)」と表示されているが、外部設計と正しいか
(ホイールローダ)排ガス機械の選択(全選択肢網羅)
・「排ガス対策型(第1次基準値)」と表示されているが、外部設計と正しいか
ロックボルトの計上区分(全選択肢網羅)
・「計上しない」と表示されているが、外部設計と正しいか
鋼製支保有無(全選択肢網羅)
・「あり」と表示されているが、外部設計と正しいか
ダンプトラックによるずり運搬の計上区分(全選択肢網羅)
・「計上する」と表示されているが、外部設計と正しいか
集塵機の計上区分(全選択肢網羅)
・「計上する」と表示されているが、外部設計と正しいか","・岩区分 の規格名計上が意図通りの場所に正しく計上されているか
・設計掘削断面積 の規格名計上が意図通りの場所に正しく計上されているか
・切羽監視責任者の有無 の規格名計上が意図通りの場所に正しく計上されているか
・鏡吹付工施工の有無 の規格名計上が意図通りの場所に正しく計上されているか"
TC-062,新規歩掛,B,断面積40m2,無,無,排ガス対策型(第1次基準値),2ブーム・ドリフタ150kg級 1バスケット,排ガス対策型(第1次基準値),排ガス対策型(第1次基準値),計上しない,あり,計上する,計上しない,,○,○,○,○,○,○,○,○,○,○,○,○,○,"岩区分(全選択肢網羅)
・「B」と表示されているが、外部設計と正しいか
設計掘削断面積(全選択肢網羅)
・「断面積40m2」と表示されているが、外部設計と正しいか
切羽監視責任者の有無(全選択肢網羅)
・「無」と表示されているが、外部設計と正しいか
鏡吹付工施工の有無(全選択肢網羅)
・「無」と表示されているが、外部設計と正しいか
(ドリルジャンボ)排ガス機械の選択(全選択肢網羅)
・「排ガス対策型(第1次基準値)」と表示されているが、外部設計と正しいか
(大型ブレーカ)排ガス機械の選択(全選択肢網羅)
・「排ガス対策型(第1次基準値)」と表示されているが、外部設計と正しいか
(ホイールローダ)排ガス機械の選択(全選択肢網羅)
・「排ガス対策型(第1次基準値)」と表示されているが、外部設計と正しいか
ロックボルトの計上区分(全選択肢網羅)
・「計上しない」と表示されているが、外部設計と正しいか
鋼製支保有無(全選択肢網羅)
・「あり」と表示されているが、外部設計と正しいか
ダンプトラックによるずり運搬の計上区分(全選択肢網羅)
・「計上する」と表示されているが、外部設計と正しいか
集塵機の計上区分(全選択肢網羅)
・「計上しない」と表示されているが、外部設計と正しいか","・岩区分 の規格名計上が意図通りの場所に正しく計上されているか
・設計掘削断面積 の規格名計上が意図通りの場所に正しく計上されているか
・切羽監視責任者の有無 の規格名計上が意図通りの場所に正しく計上されているか
・鏡吹付工施工の有無 の規格名計上が意図通りの場所に正しく計上されているか"
TC-063,新規歩掛,B,断面積40m2,無,無,排ガス対策型(第1次基準値),2ブーム・ドリフタ150kg級 1バスケット,排ガス対策型(第1次基準値),排ガス対策型(第1次基準値),計上しない,あり,計上しない,計上する,,○,○,○,○,○,○,○,○,○,○,○,○,,"岩区分(全選択肢網羅)
・「B」と表示されているが、外部設計と正しいか
設計掘削断面積(全選択肢網羅)
・「断面積40m2」と表示されているが、外部設計と正しいか
切羽監視責任者の有無(全選択肢網羅)
・「無」と表示されているが、外部設計と正しいか
鏡吹付工施工の有無(全選択肢網羅)
・「無」と表示されているが、外部設計と正しいか
(ドリルジャンボ)排ガス機械の選択(全選択肢網羅)
・「排ガス対策型(第1次基準値)」と表示されているが、外部設計と正しいか
(大型ブレーカ)排ガス機械の選択(全選択肢網羅)
・「排ガス対策型(第1次基準値)」と表示されているが、外部設計と正しいか
(ホイールローダ)排ガス機械の選択(全選択肢網羅)
・「排ガス対策型(第1次基準値)」と表示されているが、外部設計と正しいか
ロックボルトの計上区分(全選択肢網羅)
・「計上しない」と表示されているが、外部設計と正しいか
鋼製支保有無(全選択肢網羅)
・「あり」と表示されているが、外部設計と正しいか
ダンプトラックによるずり運搬の計上区分(全選択肢網羅)
・「計上しない」と表示されているが、外部設計と正しいか
集塵機の計上区分(全選択肢網羅)
・「計上する」と表示されているが、外部設計と正しいか","・岩区分 の規格名計上が意図通りの場所に正しく計上されているか
・設計掘削断面積 の規格名計上が意図通りの場所に正しく計上されているか
・切羽監視責任者の有無 の規格名計上が意図通りの場所に正しく計上されているか
・鏡吹付工施工の有無 の規格名計上が意図通りの場所に正しく計上されているか"
TC-064,新規歩掛,B,断面積40m2,無,無,排ガス対策型(第1次基準値),2ブーム・ドリフタ150kg級 1バスケット,排ガス対策型(第1次基準値),排ガス対策型(第1次基準値),計上しない,あり,計上しない,計上しない,,○,○,○,○,○,○,○,○,○,○,○,○,,"岩区分(全選択肢網羅)
・「B」と表示されているが、外部設計と正しいか
設計掘削断面積(全選択肢網羅)
・「断面積40m2」と表示されているが、外部設計と正しいか
切羽監視責任者の有無(全選択肢網羅)
・「無」と表示されているが、外部設計と正しいか
鏡吹付工施工の有無(全選択肢網羅)
・「無」と表示されているが、外部設計と正しいか
(ドリルジャンボ)排ガス機械の選択(全選択肢網羅)
・「排ガス対策型(第1次基準値)」と表示されているが、外部設計と正しいか
(大型ブレーカ)排ガス機械の選択(全選択肢網羅)
・「排ガス対策型(第1次基準値)」と表示されているが、外部設計と正しいか
(ホイールローダ)排ガス機械の選択(全選択肢網羅)
・「排ガス対策型(第1次基準値)」と表示されているが、外部設計と正しいか
ロックボルトの計上区分(全選択肢網羅)
・「計上しない」と表示されているが、外部設計と正しいか
鋼製支保有無(全選択肢網羅)
・「あり」と表示されているが、外部設計と正しいか
ダンプトラックによるずり運搬の計上区分(全選択肢網羅)
・「計上しない」と表示されているが、外部設計と正しいか
集塵機の計上区分(全選択肢網羅)
・「計上しない」と表示されているが、外部設計と正しいか","・岩区分 の規格名計上が意図通りの場所に正しく計上されているか
・設計掘削断面積 の規格名計上が意図通りの場所に正しく計上されているか
・切羽監視責任者の有無 の規格名計上が意図通りの場所に正しく計上されているか
・鏡吹付工施工の有無 の規格名計上が意図通りの場所に正しく計上されているか"
TC-065,新規歩掛,B,断面積45m2,無,無,排ガス未対策型(旧),-,排ガス対策型(第1次基準値),排ガス対策型(第1次基準値),計上する,なし,計上する,計上する,○,○,○,○,○,○,○,○,○,○,○,○,○,○,"岩区分(全選択肢網羅)
・「B」と表示されているが、外部設計と正しいか
設計掘削断面積(全選択肢網羅)
・「断面積45m2」と表示されているが、外部設計と正しいか
切羽監視責任者の有無(全選択肢網羅)
・「無」と表示されているが、外部設計と正しいか
鏡吹付工施工の有無(全選択肢網羅)
・「無」と表示されているが、外部設計と正しいか
(ドリルジャンボ)排ガス機械の選択(全選択肢網羅)
・「排ガス未対策型(旧)」と表示されているが、外部設計と正しいか
(大型ブレーカ)排ガス機械の選択(全選択肢網羅)
・「排ガス対策型(第1次基準値)」と表示されているが、外部設計と正しいか
(ホイールローダ)排ガス機械の選択(全選択肢網羅)
・「排ガス対策型(第1次基準値)」と表示されているが、外部設計と正しいか
ロックボルトの計上区分(全選択肢網羅)
・「計上する」と表示されているが、外部設計と正しいか
鋼製支保有無(全選択肢網羅)
・「なし」と表示されているが、外部設計と正しいか
ダンプトラックによるずり運搬の計上区分(全選択肢網羅)
・「計上する」と表示されているが、外部設計と正しいか
集塵機の計上区分(全選択肢網羅)
・「計上する」と表示されているが、外部設計と正しいか","・岩区分 の規格名計上が意図通りの場所に正しく計上されているか
・設計掘削断面積 の規格名計上が意図通りの場所に正しく計上されているか
・切羽監視責任者の有無 の規格名計上が意図通りの場所に正しく計上されているか
・鏡吹付工施工の有無 の規格名計上が意図通りの場所に正しく計上されているか"
TC-066,新規歩掛,B,断面積45m2,無,無,排ガス未対策型(旧),-,排ガス対策型(第1次基準値),排ガス対策型(第1次基準値),計上する,なし,計上する,計上しない,○,○,○,○,○,○,○,○,○,○,○,○,○,○,"岩区分(全選択肢網羅)
・「B」と表示されているが、外部設計と正しいか
設計掘削断面積(全選択肢網羅)
・「断面積45m2」と表示されているが、外部設計と正しいか
切羽監視責任者の有無(全選択肢網羅)
・「無」と表示されているが、外部設計と正しいか
鏡吹付工施工の有無(全選択肢網羅)
・「無」と表示されているが、外部設計と正しいか
(ドリルジャンボ)排ガス機械の選択(全選択肢網羅)
・「排ガス未対策型(旧)」と表示されているが、外部設計と正しいか
(大型ブレーカ)排ガス機械の選択(全選択肢網羅)
・「排ガス対策型(第1次基準値)」と表示されているが、外部設計と正しいか
(ホイールローダ)排ガス機械の選択(全選択肢網羅)
・「排ガス対策型(第1次基準値)」と表示されているが、外部設計と正しいか
ロックボルトの計上区分(全選択肢網羅)
・「計上する」と表示されているが、外部設計と正しいか
鋼製支保有無(全選択肢網羅)
・「なし」と表示されているが、外部設計と正しいか
ダンプトラックによるずり運搬の計上区分(全選択肢網羅)
・「計上する」と表示されているが、外部設計と正しいか
集塵機の計上区分(全選択肢網羅)
・「計上しない」と表示されているが、外部設計と正しいか","・岩区分 の規格名計上が意図通りの場所に正しく計上されているか
・設計掘削断面積 の規格名計上が意図通りの場所に正しく計上されているか
・切羽監視責任者の有無 の規格名計上が意図通りの場所に正しく計上されているか
・鏡吹付工施工の有無 の規格名計上が意図通りの場所に正しく計上されているか"
TC-067,新規歩掛,B,断面積45m2,無,無,排ガス未対策型(旧),-,排ガス対策型(第1次基準値),排ガス対策型(第1次基準値),計上する,なし,計上しない,計上する,○,○,○,○,○,○,○,○,○,○,○,○,○,,"岩区分(全選択肢網羅)
・「B」と表示されているが、外部設計と正しいか
設計掘削断面積(全選択肢網羅)
・「断面積45m2」と表示されているが、外部設計と正しいか
切羽監視責任者の有無(全選択肢網羅)
・「無」と表示されているが、外部設計と正しいか
鏡吹付工施工の有無(全選択肢網羅)
・「無」と表示されているが、外部設計と正しいか
(ドリルジャンボ)排ガス機械の選択(全選択肢網羅)
・「排ガス未対策型(旧)」と表示されているが、外部設計と正しいか
(大型ブレーカ)排ガス機械の選択(全選択肢網羅)
・「排ガス対策型(第1次基準値)」と表示されているが、外部設計と正しいか
(ホイールローダ)排ガス機械の選択(全選択肢網羅)
・「排ガス対策型(第1次基準値)」と表示されているが、外部設計と正しいか
ロックボルトの計上区分(全選択肢網羅)
・「計上する」と表示されているが、外部設計と正しいか
鋼製支保有無(全選択肢網羅)
・「なし」と表示されているが、外部設計と正しいか
ダンプトラックによるずり運搬の計上区分(全選択肢網羅)
・「計上しない」と表示されているが、外部設計と正しいか
集塵機の計上区分(全選択肢網羅)
・「計上する」と表示されているが、外部設計と正しいか","・岩区分 の規格名計上が意図通りの場所に正しく計上されているか
・設計掘削断面積 の規格名計上が意図通りの場所に正しく計上されているか
・切羽監視責任者の有無 の規格名計上が意図通りの場所に正しく計上されているか
・鏡吹付工施工の有無 の規格名計上が意図通りの場所に正しく計上されているか"
TC-068,新規歩掛,B,断面積45m2,無,無,排ガス未対策型(旧),-,排ガス対策型(第1次基準値),排ガス対策型(第1次基準値),計上する,なし,計上しない,計上しない,○,○,○,○,○,○,○,○,○,○,○,○,○,,"岩区分(全選択肢網羅)
・「B」と表示されているが、外部設計と正しいか
設計掘削断面積(全選択肢網羅)
・「断面積45m2」と表示されているが、外部設計と正しいか
切羽監視責任者の有無(全選択肢網羅)
・「無」と表示されているが、外部設計と正しいか
鏡吹付工施工の有無(全選択肢網羅)
・「無」と表示されているが、外部設計と正しいか
(ドリルジャンボ)排ガス機械の選択(全選択肢網羅)
・「排ガス未対策型(旧)」と表示されているが、外部設計と正しいか
(大型ブレーカ)排ガス機械の選択(全選択肢網羅)
・「排ガス対策型(第1次基準値)」と表示されているが、外部設計と正しいか
(ホイールローダ)排ガス機械の選択(全選択肢網羅)
・「排ガス対策型(第1次基準値)」と表示されているが、外部設計と正しいか
ロックボルトの計上区分(全選択肢網羅)
・「計上する」と表示されているが、外部設計と正しいか
鋼製支保有無(全選択肢網羅)
・「なし」と表示されているが、外部設計と正しいか
ダンプトラックによるずり運搬の計上区分(全選択肢網羅)
・「計上しない」と表示されているが、外部設計と正しいか
集塵機の計上区分(全選択肢網羅)
・「計上しない」と表示されているが、外部設計と正しいか","・岩区分 の規格名計上が意図通りの場所に正しく計上されているか
・設計掘削断面積 の規格名計上が意図通りの場所に正しく計上されているか
・切羽監視責任者の有無 の規格名計上が意図通りの場所に正しく計上されているか
・鏡吹付工施工の有無 の規格名計上が意図通りの場所に正しく計上されているか"
TC-069,新規歩掛,B,断面積45m2,無,無,排ガス未対策型(旧),-,排ガス対策型(第1次基準値),排ガス対策型(第1次基準値),計上する,あり,計上する,計上する,○,○,○,○,○,○,○,○,○,○,○,○,○,○,"岩区分(全選択肢網羅)
・「B」と表示されているが、外部設計と正しいか
設計掘削断面積(全選択肢網羅)
・「断面積45m2」と表示されているが、外部設計と正しいか
切羽監視責任者の有無(全選択肢網羅)
・「無」と表示されているが、外部設計と正しいか
鏡吹付工施工の有無(全選択肢網羅)
・「無」と表示されているが、外部設計と正しいか
(ドリルジャンボ)排ガス機械の選択(全選択肢網羅)
・「排ガス未対策型(旧)」と表示されているが、外部設計と正しいか
(大型ブレーカ)排ガス機械の選択(全選択肢網羅)
・「排ガス対策型(第1次基準値)」と表示されているが、外部設計と正しいか
(ホイールローダ)排ガス機械の選択(全選択肢網羅)
・「排ガス対策型(第1次基準値)」と表示されているが、外部設計と正しいか
ロックボルトの計上区分(全選択肢網羅)
・「計上する」と表示されているが、外部設計と正しいか
鋼製支保有無(全選択肢網羅)
・「あり」と表示されているが、外部設計と正しいか
ダンプトラックによるずり運搬の計上区分(全選択肢網羅)
・「計上する」と表示されているが、外部設計と正しいか
集塵機の計上区分(全選択肢網羅)
・「計上する」と表示されているが、外部設計と正しいか","・岩区分 の規格名計上が意図通りの場所に正しく計上されているか
・設計掘削断面積 の規格名計上が意図通りの場所に正しく計上されているか
・切羽監視責任者の有無 の規格名計上が意図通りの場所に正しく計上されているか
・鏡吹付工施工の有無 の規格名計上が意図通りの場所に正しく計上されているか"
TC-070,新規歩掛,B,断面積45m2,無,無,排ガス未対策型(旧),-,排ガス対策型(第1次基準値),排ガス対策型(第1次基準値),計上する,あり,計上する,計上しない,○,○,○,○,○,○,○,○,○,○,○,○,○,○,"岩区分(全選択肢網羅)
・「B」と表示されているが、外部設計と正しいか
設計掘削断面積(全選択肢網羅)
・「断面積45m2」と表示されているが、外部設計と正しいか
切羽監視責任者の有無(全選択肢網羅)
・「無」と表示されているが、外部設計と正しいか
鏡吹付工施工の有無(全選択肢網羅)
・「無」と表示されているが、外部設計と正しいか
(ドリルジャンボ)排ガス機械の選択(全選択肢網羅)
・「排ガス未対策型(旧)」と表示されているが、外部設計と正しいか
(大型ブレーカ)排ガス機械の選択(全選択肢網羅)
・「排ガス対策型(第1次基準値)」と表示されているが、外部設計と正しいか
(ホイールローダ)排ガス機械の選択(全選択肢網羅)
・「排ガス対策型(第1次基準値)」と表示されているが、外部設計と正しいか
ロックボルトの計上区分(全選択肢網羅)
・「計上する」と表示されているが、外部設計と正しいか
鋼製支保有無(全選択肢網羅)
・「あり」と表示されているが、外部設計と正しいか
ダンプトラックによるずり運搬の計上区分(全選択肢網羅)
・「計上する」と表示されているが、外部設計と正しいか
集塵機の計上区分(全選択肢網羅)
・「計上しない」と表示されているが、外部設計と正しいか","・岩区分 の規格名計上が意図通りの場所に正しく計上されているか
・設計掘削断面積 の規格名計上が意図通りの場所に正しく計上されているか
・切羽監視責任者の有無 の規格名計上が意図通りの場所に正しく計上されているか
・鏡吹付工施工の有無 の規格名計上が意図通りの場所に正しく計上されているか"
TC-071,新規歩掛,B,断面積45m2,無,無,排ガス未対策型(旧),-,排ガス対策型(第1次基準値),排ガス対策型(第1次基準値),計上する,あり,計上しない,計上する,○,○,○,○,○,○,○,○,○,○,○,○,○,,"岩区分(全選択肢網羅)
・「B」と表示されているが、外部設計と正しいか
設計掘削断面積(全選択肢網羅)
・「断面積45m2」と表示されているが、外部設計と正しいか
切羽監視責任者の有無(全選択肢網羅)
・「無」と表示されているが、外部設計と正しいか
鏡吹付工施工の有無(全選択肢網羅)
・「無」と表示されているが、外部設計と正しいか
(ドリルジャンボ)排ガス機械の選択(全選択肢網羅)
・「排ガス未対策型(旧)」と表示されているが、外部設計と正しいか
(大型ブレーカ)排ガス機械の選択(全選択肢網羅)
・「排ガス対策型(第1次基準値)」と表示されているが、外部設計と正しいか
(ホイールローダ)排ガス機械の選択(全選択肢網羅)
・「排ガス対策型(第1次基準値)」と表示されているが、外部設計と正しいか
ロックボルトの計上区分(全選択肢網羅)
・「計上する」と表示されているが、外部設計と正しいか
鋼製支保有無(全選択肢網羅)
・「あり」と表示されているが、外部設計と正しいか
ダンプトラックによるずり運搬の計上区分(全選択肢網羅)
・「計上しない」と表示されているが、外部設計と正しいか
集塵機の計上区分(全選択肢網羅)
・「計上する」と表示されているが、外部設計と正しいか","・岩区分 の規格名計上が意図通りの場所に正しく計上されているか
・設計掘削断面積 の規格名計上が意図通りの場所に正しく計上されているか
・切羽監視責任者の有無 の規格名計上が意図通りの場所に正しく計上されているか
・鏡吹付工施工の有無 の規格名計上が意図通りの場所に正しく計上されているか"
TC-072,新規歩掛,B,断面積45m2,無,無,排ガス未対策型(旧),-,排ガス対策型(第1次基準値),排ガス対策型(第1次基準値),計上する,あり,計上しない,計上しない,○,○,○,○,○,○,○,○,○,○,○,○,○,,"岩区分(全選択肢網羅)
・「B」と表示されているが、外部設計と正しいか
設計掘削断面積(全選択肢網羅)
・「断面積45m2」と表示されているが、外部設計と正しいか
切羽監視責任者の有無(全選択肢網羅)
・「無」と表示されているが、外部設計と正しいか
鏡吹付工施工の有無(全選択肢網羅)
・「無」と表示されているが、外部設計と正しいか
(ドリルジャンボ)排ガス機械の選択(全選択肢網羅)
・「排ガス未対策型(旧)」と表示されているが、外部設計と正しいか
(大型ブレーカ)排ガス機械の選択(全選択肢網羅)
・「排ガス対策型(第1次基準値)」と表示されているが、外部設計と正しいか
(ホイールローダ)排ガス機械の選択(全選択肢網羅)
・「排ガス対策型(第1次基準値)」と表示されているが、外部設計と正しいか
ロックボルトの計上区分(全選択肢網羅)
・「計上する」と表示されているが、外部設計と正しいか
鋼製支保有無(全選択肢網羅)
・「あり」と表示されているが、外部設計と正しいか
ダンプトラックによるずり運搬の計上区分(全選択肢網羅)
・「計上しない」と表示されているが、外部設計と正しいか
集塵機の計上区分(全選択肢網羅)
・「計上しない」と表示されているが、外部設計と正しいか","・岩区分 の規格名計上が意図通りの場所に正しく計上されているか
・設計掘削断面積 の規格名計上が意図通りの場所に正しく計上されているか
・切羽監視責任者の有無 の規格名計上が意図通りの場所に正しく計上されているか
・鏡吹付工施工の有無 の規格名計上が意図通りの場所に正しく計上されているか"
TC-073,新規歩掛,B,断面積45m2,無,無,排ガス未対策型(旧),-,排ガス対策型(第1次基準値),排ガス対策型(第1次基準値),計上しない,なし,計上する,計上する,,○,○,○,○,○,○,○,○,○,○,○,○,○,"岩区分(全選択肢網羅)
・「B」と表示されているが、外部設計と正しいか
設計掘削断面積(全選択肢網羅)
・「断面積45m2」と表示されているが、外部設計と正しいか
切羽監視責任者の有無(全選択肢網羅)
・「無」と表示されているが、外部設計と正しいか
鏡吹付工施工の有無(全選択肢網羅)
・「無」と表示されているが、外部設計と正しいか
(ドリルジャンボ)排ガス機械の選択(全選択肢網羅)
・「排ガス未対策型(旧)」と表示されているが、外部設計と正しいか
(大型ブレーカ)排ガス機械の選択(全選択肢網羅)
・「排ガス対策型(第1次基準値)」と表示されているが、外部設計と正しいか
(ホイールローダ)排ガス機械の選択(全選択肢網羅)
・「排ガス対策型(第1次基準値)」と表示されているが、外部設計と正しいか
ロックボルトの計上区分(全選択肢網羅)
・「計上しない」と表示されているが、外部設計と正しいか
鋼製支保有無(全選択肢網羅)
・「なし」と表示されているが、外部設計と正しいか
ダンプトラックによるずり運搬の計上区分(全選択肢網羅)
・「計上する」と表示されているが、外部設計と正しいか
集塵機の計上区分(全選択肢網羅)
・「計上する」と表示されているが、外部設計と正しいか","・岩区分 の規格名計上が意図通りの場所に正しく計上されているか
・設計掘削断面積 の規格名計上が意図通りの場所に正しく計上されているか
・切羽監視責任者の有無 の規格名計上が意図通りの場所に正しく計上されているか
・鏡吹付工施工の有無 の規格名計上が意図通りの場所に正しく計上されているか"
TC-074,新規歩掛,B,断面積45m2,無,無,排ガス未対策型(旧),-,排ガス対策型(第1次基準値),排ガス対策型(第1次基準値),計上しない,なし,計上する,計上しない,,○,○,○,○,○,○,○,○,○,○,○,○,○,"岩区分(全選択肢網羅)
・「B」と表示されているが、外部設計と正しいか
設計掘削断面積(全選択肢網羅)
・「断面積45m2」と表示されているが、外部設計と正しいか
切羽監視責任者の有無(全選択肢網羅)
・「無」と表示されているが、外部設計と正しいか
鏡吹付工施工の有無(全選択肢網羅)
・「無」と表示されているが、外部設計と正しいか
(ドリルジャンボ)排ガス機械の選択(全選択肢網羅)
・「排ガス未対策型(旧)」と表示されているが、外部設計と正しいか
(大型ブレーカ)排ガス機械の選択(全選択肢網羅)
・「排ガス対策型(第1次基準値)」と表示されているが、外部設計と正しいか
(ホイールローダ)排ガス機械の選択(全選択肢網羅)
・「排ガス対策型(第1次基準値)」と表示されているが、外部設計と正しいか
ロックボルトの計上区分(全選択肢網羅)
・「計上しない」と表示されているが、外部設計と正しいか
鋼製支保有無(全選択肢網羅)
・「なし」と表示されているが、外部設計と正しいか
ダンプトラックによるずり運搬の計上区分(全選択肢網羅)
・「計上する」と表示されているが、外部設計と正しいか
集塵機の計上区分(全選択肢網羅)
・「計上しない」と表示されているが、外部設計と正しいか","・岩区分 の規格名計上が意図通りの場所に正しく計上されているか
・設計掘削断面積 の規格名計上が意図通りの場所に正しく計上されているか
・切羽監視責任者の有無 の規格名計上が意図通りの場所に正しく計上されているか
・鏡吹付工施工の有無 の規格名計上が意図通りの場所に正しく計上されているか"
TC-075,新規歩掛,B,断面積45m2,無,無,排ガス未対策型(旧),-,排ガス対策型(第1次基準値),排ガス対策型(第1次基準値),計上しない,なし,計上しない,計上する,,○,○,○,○,○,○,○,○,○,○,○,○,,"岩区分(全選択肢網羅)
・「B」と表示されているが、外部設計と正しいか
設計掘削断面積(全選択肢網羅)
・「断面積45m2」と表示されているが、外部設計と正しいか
切羽監視責任者の有無(全選択肢網羅)
・「無」と表示されているが、外部設計と正しいか
鏡吹付工施工の有無(全選択肢網羅)
・「無」と表示されているが、外部設計と正しいか
(ドリルジャンボ)排ガス機械の選択(全選択肢網羅)
・「排ガス未対策型(旧)」と表示されているが、外部設計と正しいか
(大型ブレーカ)排ガス機械の選択(全選択肢網羅)
・「排ガス対策型(第1次基準値)」と表示されているが、外部設計と正しいか
(ホイールローダ)排ガス機械の選択(全選択肢網羅)
・「排ガス対策型(第1次基準値)」と表示されているが、外部設計と正しいか
ロックボルトの計上区分(全選択肢網羅)
・「計上しない」と表示されているが、外部設計と正しいか
鋼製支保有無(全選択肢網羅)
・「なし」と表示されているが、外部設計と正しいか
ダンプトラックによるずり運搬の計上区分(全選択肢網羅)
・「計上しない」と表示されているが、外部設計と正しいか
集塵機の計上区分(全選択肢網羅)
・「計上する」と表示されているが、外部設計と正しいか","・岩区分 の規格名計上が意図通りの場所に正しく計上されているか
・設計掘削断面積 の規格名計上が意図通りの場所に正しく計上されているか
・切羽監視責任者の有無 の規格名計上が意図通りの場所に正しく計上されているか
・鏡吹付工施工の有無 の規格名計上が意図通りの場所に正しく計上されているか"
TC-076,新規歩掛,B,断面積45m2,無,無,排ガス未対策型(旧),-,排ガス対策型(第1次基準値),排ガス対策型(第1次基準値),計上しない,なし,計上しない,計上しない,,○,○,○,○,○,○,○,○,○,○,○,○,,"岩区分(全選択肢網羅)
・「B」と表示されているが、外部設計と正しいか
設計掘削断面積(全選択肢網羅)
・「断面積45m2」と表示されているが、外部設計と正しいか
切羽監視責任者の有無(全選択肢網羅)
・「無」と表示されているが、外部設計と正しいか
鏡吹付工施工の有無(全選択肢網羅)
・「無」と表示されているが、外部設計と正しいか
(ドリルジャンボ)排ガス機械の選択(全選択肢網羅)
・「排ガス未対策型(旧)」と表示されているが、外部設計と正しいか
(大型ブレーカ)排ガス機械の選択(全選択肢網羅)
・「排ガス対策型(第1次基準値)」と表示されているが、外部設計と正しいか
(ホイールローダ)排ガス機械の選択(全選択肢網羅)
・「排ガス対策型(第1次基準値)」と表示されているが、外部設計と正しいか
ロックボルトの計上区分(全選択肢網羅)
・「計上しない」と表示されているが、外部設計と正しいか
鋼製支保有無(全選択肢網羅)
・「なし」と表示されているが、外部設計と正しいか
ダンプトラックによるずり運搬の計上区分(全選択肢網羅)
・「計上しない」と表示されているが、外部設計と正しいか
集塵機の計上区分(全選択肢網羅)
・「計上しない」と表示されているが、外部設計と正しいか","・岩区分 の規格名計上が意図通りの場所に正しく計上されているか
・設計掘削断面積 の規格名計上が意図通りの場所に正しく計上されているか
・切羽監視責任者の有無 の規格名計上が意図通りの場所に正しく計上されているか
・鏡吹付工施工の有無 の規格名計上が意図通りの場所に正しく計上されているか"
TC-077,新規歩掛,B,断面積45m2,無,無,排ガス未対策型(旧),-,排ガス対策型(第1次基準値),排ガス対策型(第1次基準値),計上しない,あり,計上する,計上する,,○,○,○,○,○,○,○,○,○,○,○,○,○,"岩区分(全選択肢網羅)
・「B」と表示されているが、外部設計と正しいか
設計掘削断面積(全選択肢網羅)
・「断面積45m2」と表示されているが、外部設計と正しいか
切羽監視責任者の有無(全選択肢網羅)
・「無」と表示されているが、外部設計と正しいか
鏡吹付工施工の有無(全選択肢網羅)
・「無」と表示されているが、外部設計と正しいか
(ドリルジャンボ)排ガス機械の選択(全選択肢網羅)
・「排ガス未対策型(旧)」と表示されているが、外部設計と正しいか
(大型ブレーカ)排ガス機械の選択(全選択肢網羅)
・「排ガス対策型(第1次基準値)」と表示されているが、外部設計と正しいか
(ホイールローダ)排ガス機械の選択(全選択肢網羅)
・「排ガス対策型(第1次基準値)」と表示されているが、外部設計と正しいか
ロックボルトの計上区分(全選択肢網羅)
・「計上しない」と表示されているが、外部設計と正しいか
鋼製支保有無(全選択肢網羅)
・「あり」と表示されているが、外部設計と正しいか
ダンプトラックによるずり運搬の計上区分(全選択肢網羅)
・「計上する」と表示されているが、外部設計と正しいか
集塵機の計上区分(全選択肢網羅)
・「計上する」と表示されているが、外部設計と正しいか","・岩区分 の規格名計上が意図通りの場所に正しく計上されているか
・設計掘削断面積 の規格名計上が意図通りの場所に正しく計上されているか
・切羽監視責任者の有無 の規格名計上が意図通りの場所に正しく計上されているか
・鏡吹付工施工の有無 の規格名計上が意図通りの場所に正しく計上されているか"
TC-078,新規歩掛,B,断面積45m2,無,無,排ガス未対策型(旧),-,排ガス対策型(第1次基準値),排ガス対策型(第1次基準値),計上しない,あり,計上する,計上しない,,○,○,○,○,○,○,○,○,○,○,○,○,○,"岩区分(全選択肢網羅)
・「B」と表示されているが、外部設計と正しいか
設計掘削断面積(全選択肢網羅)
・「断面積45m2」と表示されているが、外部設計と正しいか
切羽監視責任者の有無(全選択肢網羅)
・「無」と表示されているが、外部設計と正しいか
鏡吹付工施工の有無(全選択肢網羅)
・「無」と表示されているが、外部設計と正しいか
(ドリルジャンボ)排ガス機械の選択(全選択肢網羅)
・「排ガス未対策型(旧)」と表示されているが、外部設計と正しいか
(大型ブレーカ)排ガス機械の選択(全選択肢網羅)
・「排ガス対策型(第1次基準値)」と表示されているが、外部設計と正しいか
(ホイールローダ)排ガス機械の選択(全選択肢網羅)
・「排ガス対策型(第1次基準値)」と表示されているが、外部設計と正しいか
ロックボルトの計上区分(全選択肢網羅)
・「計上しない」と表示されているが、外部設計と正しいか
鋼製支保有無(全選択肢網羅)
・「あり」と表示されているが、外部設計と正しいか
ダンプトラックによるずり運搬の計上区分(全選択肢網羅)
・「計上する」と表示されているが、外部設計と正しいか
集塵機の計上区分(全選択肢網羅)
・「計上しない」と表示されているが、外部設計と正しいか","・岩区分 の規格名計上が意図通りの場所に正しく計上されているか
・設計掘削断面積 の規格名計上が意図通りの場所に正しく計上されているか
・切羽監視責任者の有無 の規格名計上が意図通りの場所に正しく計上されているか
・鏡吹付工施工の有無 の規格名計上が意図通りの場所に正しく計上されているか"
TC-079,新規歩掛,B,断面積45m2,無,無,排ガス未対策型(旧),-,排ガス対策型(第1次基準値),排ガス対策型(第1次基準値),計上しない,あり,計上しない,計上する,,○,○,○,○,○,○,○,○,○,○,○,○,,"岩区分(全選択肢網羅)
・「B」と表示されているが、外部設計と正しいか
設計掘削断面積(全選択肢網羅)
・「断面積45m2」と表示されているが、外部設計と正しいか
切羽監視責任者の有無(全選択肢網羅)
・「無」と表示されているが、外部設計と正しいか
鏡吹付工施工の有無(全選択肢網羅)
・「無」と表示されているが、外部設計と正しいか
(ドリルジャンボ)排ガス機械の選択(全選択肢網羅)
・「排ガス未対策型(旧)」と表示されているが、外部設計と正しいか
(大型ブレーカ)排ガス機械の選択(全選択肢網羅)
・「排ガス対策型(第1次基準値)」と表示されているが、外部設計と正しいか
(ホイールローダ)排ガス機械の選択(全選択肢網羅)
・「排ガス対策型(第1次基準値)」と表示されているが、外部設計と正しいか
ロックボルトの計上区分(全選択肢網羅)
・「計上しない」と表示されているが、外部設計と正しいか
鋼製支保有無(全選択肢網羅)
・「あり」と表示されているが、外部設計と正しいか
ダンプトラックによるずり運搬の計上区分(全選択肢網羅)
・「計上しない」と表示されているが、外部設計と正しいか
集塵機の計上区分(全選択肢網羅)
・「計上する」と表示されているが、外部設計と正しいか","・岩区分 の規格名計上が意図通りの場所に正しく計上されているか
・設計掘削断面積 の規格名計上が意図通りの場所に正しく計上されているか
・切羽監視責任者の有無 の規格名計上が意図通りの場所に正しく計上されているか
・鏡吹付工施工の有無 の規格名計上が意図通りの場所に正しく計上されているか"
TC-080,新規歩掛,B,断面積45m2,無,無,排ガス未対策型(旧),-,排ガス対策型(第1次基準値),排ガス対策型(第1次基準値),計上しない,あり,計上しない,計上しない,,○,○,○,○,○,○,○,○,○,○,○,○,,"岩区分(全選択肢網羅)
・「B」と表示されているが、外部設計と正しいか
設計掘削断面積(全選択肢網羅)
・「断面積45m2」と表示されているが、外部設計と正しいか
切羽監視責任者の有無(全選択肢網羅)
・「無」と表示されているが、外部設計と正しいか
鏡吹付工施工の有無(全選択肢網羅)
・「無」と表示されているが、外部設計と正しいか
(ドリルジャンボ)排ガス機械の選択(全選択肢網羅)
・「排ガス未対策型(旧)」と表示されているが、外部設計と正しいか
(大型ブレーカ)排ガス機械の選択(全選択肢網羅)
・「排ガス対策型(第1次基準値)」と表示されているが、外部設計と正しいか
(ホイールローダ)排ガス機械の選択(全選択肢網羅)
・「排ガス対策型(第1次基準値)」と表示されているが、外部設計と正しいか
ロックボルトの計上区分(全選択肢網羅)
・「計上しない」と表示されているが、外部設計と正しいか
鋼製支保有無(全選択肢網羅)
・「あり」と表示されているが、外部設計と正しいか
ダンプトラックによるずり運搬の計上区分(全選択肢網羅)
・「計上しない」と表示されているが、外部設計と正しいか
集塵機の計上区分(全選択肢網羅)
・「計上しない」と表示されているが、外部設計と正しいか","・岩区分 の規格名計上が意図通りの場所に正しく計上されているか
・設計掘削断面積 の規格名計上が意図通りの場所に正しく計上されているか
・切羽監視責任者の有無 の規格名計上が意図通りの場所に正しく計上されているか
・鏡吹付工施工の有無 の規格名計上が意図通りの場所に正しく計上されているか"
TC-081,新規歩掛,B,断面積45m2,無,無,排ガス対策型(第1次基準値),2ブーム・ドリフタ150kg級 1バスケット,排ガス対策型(第1次基準値),排ガス対策型(第1次基準値),計上する,なし,計上する,計上する,○,○,○,○,○,○,○,○,○,○,○,○,○,○,"岩区分(全選択肢網羅)
・「B」と表示されているが、外部設計と正しいか
設計掘削断面積(全選択肢網羅)
・「断面積45m2」と表示されているが、外部設計と正しいか
切羽監視責任者の有無(全選択肢網羅)
・「無」と表示されているが、外部設計と正しいか
鏡吹付工施工の有無(全選択肢網羅)
・「無」と表示されているが、外部設計と正しいか
(ドリルジャンボ)排ガス機械の選択(全選択肢網羅)
・「排ガス対策型(第1次基準値)」と表示されているが、外部設計と正しいか
(大型ブレーカ)排ガス機械の選択(全選択肢網羅)
・「排ガス対策型(第1次基準値)」と表示されているが、外部設計と正しいか
(ホイールローダ)排ガス機械の選択(全選択肢網羅)
・「排ガス対策型(第1次基準値)」と表示されているが、外部設計と正しいか
ロックボルトの計上区分(全選択肢網羅)
・「計上する」と表示されているが、外部設計と正しいか
鋼製支保有無(全選択肢網羅)
・「なし」と表示されているが、外部設計と正しいか
ダンプトラックによるずり運搬の計上区分(全選択肢網羅)
・「計上する」と表示されているが、外部設計と正しいか
集塵機の計上区分(全選択肢網羅)
・「計上する」と表示されているが、外部設計と正しいか","・岩区分 の規格名計上が意図通りの場所に正しく計上されているか
・設計掘削断面積 の規格名計上が意図通りの場所に正しく計上されているか
・切羽監視責任者の有無 の規格名計上が意図通りの場所に正しく計上されているか
・鏡吹付工施工の有無 の規格名計上が意図通りの場所に正しく計上されているか"
TC-082,新規歩掛,B,断面積45m2,無,無,排ガス対策型(第1次基準値),2ブーム・ドリフタ150kg級 1バスケット,排ガス対策型(第1次基準値),排ガス対策型(第1次基準値),計上する,なし,計上する,計上しない,○,○,○,○,○,○,○,○,○,○,○,○,○,○,"岩区分(全選択肢網羅)
・「B」と表示されているが、外部設計と正しいか
設計掘削断面積(全選択肢網羅)
・「断面積45m2」と表示されているが、外部設計と正しいか
切羽監視責任者の有無(全選択肢網羅)
・「無」と表示されているが、外部設計と正しいか
鏡吹付工施工の有無(全選択肢網羅)
・「無」と表示されているが、外部設計と正しいか
(ドリルジャンボ)排ガス機械の選択(全選択肢網羅)
・「排ガス対策型(第1次基準値)」と表示されているが、外部設計と正しいか
(大型ブレーカ)排ガス機械の選択(全選択肢網羅)
・「排ガス対策型(第1次基準値)」と表示されているが、外部設計と正しいか
(ホイールローダ)排ガス機械の選択(全選択肢網羅)
・「排ガス対策型(第1次基準値)」と表示されているが、外部設計と正しいか
ロックボルトの計上区分(全選択肢網羅)
・「計上する」と表示されているが、外部設計と正しいか
鋼製支保有無(全選択肢網羅)
・「なし」と表示されているが、外部設計と正しいか
ダンプトラックによるずり運搬の計上区分(全選択肢網羅)
・「計上する」と表示されているが、外部設計と正しいか
集塵機の計上区分(全選択肢網羅)
・「計上しない」と表示されているが、外部設計と正しいか","・岩区分 の規格名計上が意図通りの場所に正しく計上されているか
・設計掘削断面積 の規格名計上が意図通りの場所に正しく計上されているか
・切羽監視責任者の有無 の規格名計上が意図通りの場所に正しく計上されているか
・鏡吹付工施工の有無 の規格名計上が意図通りの場所に正しく計上されているか"
TC-083,新規歩掛,B,断面積45m2,無,無,排ガス対策型(第1次基準値),2ブーム・ドリフタ150kg級 1バスケット,排ガス対策型(第1次基準値),排ガス対策型(第1次基準値),計上する,なし,計上しない,計上する,○,○,○,○,○,○,○,○,○,○,○,○,○,,"岩区分(全選択肢網羅)
・「B」と表示されているが、外部設計と正しいか
設計掘削断面積(全選択肢網羅)
・「断面積45m2」と表示されているが、外部設計と正しいか
切羽監視責任者の有無(全選択肢網羅)
・「無」と表示されているが、外部設計と正しいか
鏡吹付工施工の有無(全選択肢網羅)
・「無」と表示されているが、外部設計と正しいか
(ドリルジャンボ)排ガス機械の選択(全選択肢網羅)
・「排ガス対策型(第1次基準値)」と表示されているが、外部設計と正しいか
(大型ブレーカ)排ガス機械の選択(全選択肢網羅)
・「排ガス対策型(第1次基準値)」と表示されているが、外部設計と正しいか
(ホイールローダ)排ガス機械の選択(全選択肢網羅)
・「排ガス対策型(第1次基準値)」と表示されているが、外部設計と正しいか
ロックボルトの計上区分(全選択肢網羅)
・「計上する」と表示されているが、外部設計と正しいか
鋼製支保有無(全選択肢網羅)
・「なし」と表示されているが、外部設計と正しいか
ダンプトラックによるずり運搬の計上区分(全選択肢網羅)
・「計上しない」と表示されているが、外部設計と正しいか
集塵機の計上区分(全選択肢網羅)
・「計上する」と表示されているが、外部設計と正しいか","・岩区分 の規格名計上が意図通りの場所に正しく計上されているか
・設計掘削断面積 の規格名計上が意図通りの場所に正しく計上されているか
・切羽監視責任者の有無 の規格名計上が意図通りの場所に正しく計上されているか
・鏡吹付工施工の有無 の規格名計上が意図通りの場所に正しく計上されているか"
TC-084,新規歩掛,B,断面積45m2,無,無,排ガス対策型(第1次基準値),2ブーム・ドリフタ150kg級 1バスケット,排ガス対策型(第1次基準値),排ガス対策型(第1次基準値),計上する,なし,計上しない,計上しない,○,○,○,○,○,○,○,○,○,○,○,○,○,,"岩区分(全選択肢網羅)
・「B」と表示されているが、外部設計と正しいか
設計掘削断面積(全選択肢網羅)
・「断面積45m2」と表示されているが、外部設計と正しいか
切羽監視責任者の有無(全選択肢網羅)
・「無」と表示されているが、外部設計と正しいか
鏡吹付工施工の有無(全選択肢網羅)
・「無」と表示されているが、外部設計と正しいか
(ドリルジャンボ)排ガス機械の選択(全選択肢網羅)
・「排ガス対策型(第1次基準値)」と表示されているが、外部設計と正しいか
(大型ブレーカ)排ガス機械の選択(全選択肢網羅)
・「排ガス対策型(第1次基準値)」と表示されているが、外部設計と正しいか
(ホイールローダ)排ガス機械の選択(全選択肢網羅)
・「排ガス対策型(第1次基準値)」と表示されているが、外部設計と正しいか
ロックボルトの計上区分(全選択肢網羅)
・「計上する」と表示されているが、外部設計と正しいか
鋼製支保有無(全選択肢網羅)
・「なし」と表示されているが、外部設計と正しいか
ダンプトラックによるずり運搬の計上区分(全選択肢網羅)
・「計上しない」と表示されているが、外部設計と正しいか
集塵機の計上区分(全選択肢網羅)
・「計上しない」と表示されているが、外部設計と正しいか","・岩区分 の規格名計上が意図通りの場所に正しく計上されているか
・設計掘削断面積 の規格名計上が意図通りの場所に正しく計上されているか
・切羽監視責任者の有無 の規格名計上が意図通りの場所に正しく計上されているか
・鏡吹付工施工の有無 の規格名計上が意図通りの場所に正しく計上されているか"
TC-085,新規歩掛,B,断面積45m2,無,無,排ガス対策型(第1次基準値),2ブーム・ドリフタ150kg級 1バスケット,排ガス対策型(第1次基準値),排ガス対策型(第1次基準値),計上する,あり,計上する,計上する,○,○,○,○,○,○,○,○,○,○,○,○,○,○,"岩区分(全選択肢網羅)
・「B」と表示されているが、外部設計と正しいか
設計掘削断面積(全選択肢網羅)
・「断面積45m2」と表示されているが、外部設計と正しいか
切羽監視責任者の有無(全選択肢網羅)
・「無」と表示されているが、外部設計と正しいか
鏡吹付工施工の有無(全選択肢網羅)
・「無」と表示されているが、外部設計と正しいか
(ドリルジャンボ)排ガス機械の選択(全選択肢網羅)
・「排ガス対策型(第1次基準値)」と表示されているが、外部設計と正しいか
(大型ブレーカ)排ガス機械の選択(全選択肢網羅)
・「排ガス対策型(第1次基準値)」と表示されているが、外部設計と正しいか
(ホイールローダ)排ガス機械の選択(全選択肢網羅)
・「排ガス対策型(第1次基準値)」と表示されているが、外部設計と正しいか
ロックボルトの計上区分(全選択肢網羅)
・「計上する」と表示されているが、外部設計と正しいか
鋼製支保有無(全選択肢網羅)
・「あり」と表示されているが、外部設計と正しいか
ダンプトラックによるずり運搬の計上区分(全選択肢網羅)
・「計上する」と表示されているが、外部設計と正しいか
集塵機の計上区分(全選択肢網羅)
・「計上する」と表示されているが、外部設計と正しいか","・岩区分 の規格名計上が意図通りの場所に正しく計上されているか
・設計掘削断面積 の規格名計上が意図通りの場所に正しく計上されているか
・切羽監視責任者の有無 の規格名計上が意図通りの場所に正しく計上されているか
・鏡吹付工施工の有無 の規格名計上が意図通りの場所に正しく計上されているか"
TC-086,新規歩掛,B,断面積45m2,無,無,排ガス対策型(第1次基準値),2ブーム・ドリフタ150kg級 1バスケット,排ガス対策型(第1次基準値),排ガス対策型(第1次基準値),計上する,あり,計上する,計上しない,○,○,○,○,○,○,○,○,○,○,○,○,○,○,"岩区分(全選択肢網羅)
・「B」と表示されているが、外部設計と正しいか
設計掘削断面積(全選択肢網羅)
・「断面積45m2」と表示されているが、外部設計と正しいか
切羽監視責任者の有無(全選択肢網羅)
・「無」と表示されているが、外部設計と正しいか
鏡吹付工施工の有無(全選択肢網羅)
・「無」と表示されているが、外部設計と正しいか
(ドリルジャンボ)排ガス機械の選択(全選択肢網羅)
・「排ガス対策型(第1次基準値)」と表示されているが、外部設計と正しいか
(大型ブレーカ)排ガス機械の選択(全選択肢網羅)
・「排ガス対策型(第1次基準値)」と表示されているが、外部設計と正しいか
(ホイールローダ)排ガス機械の選択(全選択肢網羅)
・「排ガス対策型(第1次基準値)」と表示されているが、外部設計と正しいか
ロックボルトの計上区分(全選択肢網羅)
・「計上する」と表示されているが、外部設計と正しいか
鋼製支保有無(全選択肢網羅)
・「あり」と表示されているが、外部設計と正しいか
ダンプトラックによるずり運搬の計上区分(全選択肢網羅)
・「計上する」と表示されているが、外部設計と正しいか
集塵機の計上区分(全選択肢網羅)
・「計上しない」と表示されているが、外部設計と正しいか","・岩区分 の規格名計上が意図通りの場所に正しく計上されているか
・設計掘削断面積 の規格名計上が意図通りの場所に正しく計上されているか
・切羽監視責任者の有無 の規格名計上が意図通りの場所に正しく計上されているか
・鏡吹付工施工の有無 の規格名計上が意図通りの場所に正しく計上されているか"
TC-087,新規歩掛,B,断面積45m2,無,無,排ガス対策型(第1次基準値),2ブーム・ドリフタ150kg級 1バスケット,排ガス対策型(第1次基準値),排ガス対策型(第1次基準値),計上する,あり,計上しない,計上する,○,○,○,○,○,○,○,○,○,○,○,○,○,,"岩区分(全選択肢網羅)
・「B」と表示されているが、外部設計と正しいか
設計掘削断面積(全選択肢網羅)
・「断面積45m2」と表示されているが、外部設計と正しいか
切羽監視責任者の有無(全選択肢網羅)
・「無」と表示されているが、外部設計と正しいか
鏡吹付工施工の有無(全選択肢網羅)
・「無」と表示されているが、外部設計と正しいか
(ドリルジャンボ)排ガス機械の選択(全選択肢網羅)
・「排ガス対策型(第1次基準値)」と表示されているが、外部設計と正しいか
(大型ブレーカ)排ガス機械の選択(全選択肢網羅)
・「排ガス対策型(第1次基準値)」と表示されているが、外部設計と正しいか
(ホイールローダ)排ガス機械の選択(全選択肢網羅)
・「排ガス対策型(第1次基準値)」と表示されているが、外部設計と正しいか
ロックボルトの計上区分(全選択肢網羅)
・「計上する」と表示されているが、外部設計と正しいか
鋼製支保有無(全選択肢網羅)
・「あり」と表示されているが、外部設計と正しいか
ダンプトラックによるずり運搬の計上区分(全選択肢網羅)
・「計上しない」と表示されているが、外部設計と正しいか
集塵機の計上区分(全選択肢網羅)
・「計上する」と表示されているが、外部設計と正しいか","・岩区分 の規格名計上が意図通りの場所に正しく計上されているか
・設計掘削断面積 の規格名計上が意図通りの場所に正しく計上されているか
・切羽監視責任者の有無 の規格名計上が意図通りの場所に正しく計上されているか
・鏡吹付工施工の有無 の規格名計上が意図通りの場所に正しく計上されているか"
TC-088,新規歩掛,B,断面積45m2,無,無,排ガス対策型(第1次基準値),2ブーム・ドリフタ150kg級 1バスケット,排ガス対策型(第1次基準値),排ガス対策型(第1次基準値),計上する,あり,計上しない,計上しない,○,○,○,○,○,○,○,○,○,○,○,○,○,,"岩区分(全選択肢網羅)
・「B」と表示されているが、外部設計と正しいか
設計掘削断面積(全選択肢網羅)
・「断面積45m2」と表示されているが、外部設計と正しいか
切羽監視責任者の有無(全選択肢網羅)
・「無」と表示されているが、外部設計と正しいか
鏡吹付工施工の有無(全選択肢網羅)
・「無」と表示されているが、外部設計と正しいか
(ドリルジャンボ)排ガス機械の選択(全選択肢網羅)
・「排ガス対策型(第1次基準値)」と表示されているが、外部設計と正しいか
(大型ブレーカ)排ガス機械の選択(全選択肢網羅)
・「排ガス対策型(第1次基準値)」と表示されているが、外部設計と正しいか
(ホイールローダ)排ガス機械の選択(全選択肢網羅)
・「排ガス対策型(第1次基準値)」と表示されているが、外部設計と正しいか
ロックボルトの計上区分(全選択肢網羅)
・「計上する」と表示されているが、外部設計と正しいか
鋼製支保有無(全選択肢網羅)
・「あり」と表示されているが、外部設計と正しいか
ダンプトラックによるずり運搬の計上区分(全選択肢網羅)
・「計上しない」と表示されているが、外部設計と正しいか
集塵機の計上区分(全選択肢網羅)
・「計上しない」と表示されているが、外部設計と正しいか","・岩区分 の規格名計上が意図通りの場所に正しく計上されているか
・設計掘削断面積 の規格名計上が意図通りの場所に正しく計上されているか
・切羽監視責任者の有無 の規格名計上が意図通りの場所に正しく計上されているか
・鏡吹付工施工の有無 の規格名計上が意図通りの場所に正しく計上されているか"
TC-089,新規歩掛,B,断面積45m2,無,無,排ガス対策型(第1次基準値),2ブーム・ドリフタ150kg級 1バスケット,排ガス対策型(第1次基準値),排ガス対策型(第1次基準値),計上しない,なし,計上する,計上する,,○,○,○,○,○,○,○,○,○,○,○,○,○,"岩区分(全選択肢網羅)
・「B」と表示されているが、外部設計と正しいか
設計掘削断面積(全選択肢網羅)
・「断面積45m2」と表示されているが、外部設計と正しいか
切羽監視責任者の有無(全選択肢網羅)
・「無」と表示されているが、外部設計と正しいか
鏡吹付工施工の有無(全選択肢網羅)
・「無」と表示されているが、外部設計と正しいか
(ドリルジャンボ)排ガス機械の選択(全選択肢網羅)
・「排ガス対策型(第1次基準値)」と表示されているが、外部設計と正しいか
(大型ブレーカ)排ガス機械の選択(全選択肢網羅)
・「排ガス対策型(第1次基準値)」と表示されているが、外部設計と正しいか
(ホイールローダ)排ガス機械の選択(全選択肢網羅)
・「排ガス対策型(第1次基準値)」と表示されているが、外部設計と正しいか
ロックボルトの計上区分(全選択肢網羅)
・「計上しない」と表示されているが、外部設計と正しいか
鋼製支保有無(全選択肢網羅)
・「なし」と表示されているが、外部設計と正しいか
ダンプトラックによるずり運搬の計上区分(全選択肢網羅)
・「計上する」と表示されているが、外部設計と正しいか
集塵機の計上区分(全選択肢網羅)
・「計上する」と表示されているが、外部設計と正しいか","・岩区分 の規格名計上が意図通りの場所に正しく計上されているか
・設計掘削断面積 の規格名計上が意図通りの場所に正しく計上されているか
・切羽監視責任者の有無 の規格名計上が意図通りの場所に正しく計上されているか
・鏡吹付工施工の有無 の規格名計上が意図通りの場所に正しく計上されているか"
TC-090,新規歩掛,B,断面積45m2,無,無,排ガス対策型(第1次基準値),2ブーム・ドリフタ150kg級 1バスケット,排ガス対策型(第1次基準値),排ガス対策型(第1次基準値),計上しない,なし,計上する,計上しない,,○,○,○,○,○,○,○,○,○,○,○,○,○,"岩区分(全選択肢網羅)
・「B」と表示されているが、外部設計と正しいか
設計掘削断面積(全選択肢網羅)
・「断面積45m2」と表示されているが、外部設計と正しいか
切羽監視責任者の有無(全選択肢網羅)
・「無」と表示されているが、外部設計と正しいか
鏡吹付工施工の有無(全選択肢網羅)
・「無」と表示されているが、外部設計と正しいか
(ドリルジャンボ)排ガス機械の選択(全選択肢網羅)
・「排ガス対策型(第1次基準値)」と表示されているが、外部設計と正しいか
(大型ブレーカ)排ガス機械の選択(全選択肢網羅)
・「排ガス対策型(第1次基準値)」と表示されているが、外部設計と正しいか
(ホイールローダ)排ガス機械の選択(全選択肢網羅)
・「排ガス対策型(第1次基準値)」と表示されているが、外部設計と正しいか
ロックボルトの計上区分(全選択肢網羅)
・「計上しない」と表示されているが、外部設計と正しいか
鋼製支保有無(全選択肢網羅)
・「なし」と表示されているが、外部設計と正しいか
ダンプトラックによるずり運搬の計上区分(全選択肢網羅)
・「計上する」と表示されているが、外部設計と正しいか
集塵機の計上区分(全選択肢網羅)
・「計上しない」と表示されているが、外部設計と正しいか","・岩区分 の規格名計上が意図通りの場所に正しく計上されているか
・設計掘削断面積 の規格名計上が意図通りの場所に正しく計上されているか
・切羽監視責任者の有無 の規格名計上が意図通りの場所に正しく計上されているか
・鏡吹付工施工の有無 の規格名計上が意図通りの場所に正しく計上されているか"
TC-091,新規歩掛,B,断面積45m2,無,無,排ガス対策型(第1次基準値),2ブーム・ドリフタ150kg級 1バスケット,排ガス対策型(第1次基準値),排ガス対策型(第1次基準値),計上しない,なし,計上しない,計上する,,○,○,○,○,○,○,○,○,○,○,○,○,,"岩区分(全選択肢網羅)
・「B」と表示されているが、外部設計と正しいか
設計掘削断面積(全選択肢網羅)
・「断面積45m2」と表示されているが、外部設計と正しいか
切羽監視責任者の有無(全選択肢網羅)
・「無」と表示されているが、外部設計と正しいか
鏡吹付工施工の有無(全選択肢網羅)
・「無」と表示されているが、外部設計と正しいか
(ドリルジャンボ)排ガス機械の選択(全選択肢網羅)
・「排ガス対策型(第1次基準値)」と表示されているが、外部設計と正しいか
(大型ブレーカ)排ガス機械の選択(全選択肢網羅)
・「排ガス対策型(第1次基準値)」と表示されているが、外部設計と正しいか
(ホイールローダ)排ガス機械の選択(全選択肢網羅)
・「排ガス対策型(第1次基準値)」と表示されているが、外部設計と正しいか
ロックボルトの計上区分(全選択肢網羅)
・「計上しない」と表示されているが、外部設計と正しいか
鋼製支保有無(全選択肢網羅)
・「なし」と表示されているが、外部設計と正しいか
ダンプトラックによるずり運搬の計上区分(全選択肢網羅)
・「計上しない」と表示されているが、外部設計と正しいか
集塵機の計上区分(全選択肢網羅)
・「計上する」と表示されているが、外部設計と正しいか","・岩区分 の規格名計上が意図通りの場所に正しく計上されているか
・設計掘削断面積 の規格名計上が意図通りの場所に正しく計上されているか
・切羽監視責任者の有無 の規格名計上が意図通りの場所に正しく計上されているか
・鏡吹付工施工の有無 の規格名計上が意図通りの場所に正しく計上されているか"
TC-092,新規歩掛,B,断面積45m2,無,無,排ガス対策型(第1次基準値),2ブーム・ドリフタ150kg級 1バスケット,排ガス対策型(第1次基準値),排ガス対策型(第1次基準値),計上しない,なし,計上しない,計上しない,,○,○,○,○,○,○,○,○,○,○,○,○,,"岩区分(全選択肢網羅)
・「B」と表示されているが、外部設計と正しいか
設計掘削断面積(全選択肢網羅)
・「断面積45m2」と表示されているが、外部設計と正しいか
切羽監視責任者の有無(全選択肢網羅)
・「無」と表示されているが、外部設計と正しいか
鏡吹付工施工の有無(全選択肢網羅)
・「無」と表示されているが、外部設計と正しいか
(ドリルジャンボ)排ガス機械の選択(全選択肢網羅)
・「排ガス対策型(第1次基準値)」と表示されているが、外部設計と正しいか
(大型ブレーカ)排ガス機械の選択(全選択肢網羅)
・「排ガス対策型(第1次基準値)」と表示されているが、外部設計と正しいか
(ホイールローダ)排ガス機械の選択(全選択肢網羅)
・「排ガス対策型(第1次基準値)」と表示されているが、外部設計と正しいか
ロックボルトの計上区分(全選択肢網羅)
・「計上しない」と表示されているが、外部設計と正しいか
鋼製支保有無(全選択肢網羅)
・「なし」と表示されているが、外部設計と正しいか
ダンプトラックによるずり運搬の計上区分(全選択肢網羅)
・「計上しない」と表示されているが、外部設計と正しいか
集塵機の計上区分(全選択肢網羅)
・「計上しない」と表示されているが、外部設計と正しいか","・岩区分 の規格名計上が意図通りの場所に正しく計上されているか
・設計掘削断面積 の規格名計上が意図通りの場所に正しく計上されているか
・切羽監視責任者の有無 の規格名計上が意図通りの場所に正しく計上されているか
・鏡吹付工施工の有無 の規格名計上が意図通りの場所に正しく計上されているか"
TC-093,新規歩掛,B,断面積45m2,無,無,排ガス対策型(第1次基準値),2ブーム・ドリフタ150kg級 1バスケット,排ガス対策型(第1次基準値),排ガス対策型(第1次基準値),計上しない,あり,計上する,計上する,,○,○,○,○,○,○,○,○,○,○,○,○,○,"岩区分(全選択肢網羅)
・「B」と表示されているが、外部設計と正しいか
設計掘削断面積(全選択肢網羅)
・「断面積45m2」と表示されているが、外部設計と正しいか
切羽監視責任者の有無(全選択肢網羅)
・「無」と表示されているが、外部設計と正しいか
鏡吹付工施工の有無(全選択肢網羅)
・「無」と表示されているが、外部設計と正しいか
(ドリルジャンボ)排ガス機械の選択(全選択肢網羅)
・「排ガス対策型(第1次基準値)」と表示されているが、外部設計と正しいか
(大型ブレーカ)排ガス機械の選択(全選択肢網羅)
・「排ガス対策型(第1次基準値)」と表示されているが、外部設計と正しいか
(ホイールローダ)排ガス機械の選択(全選択肢網羅)
・「排ガス対策型(第1次基準値)」と表示されているが、外部設計と正しいか
ロックボルトの計上区分(全選択肢網羅)
・「計上しない」と表示されているが、外部設計と正しいか
鋼製支保有無(全選択肢網羅)
・「あり」と表示されているが、外部設計と正しいか
ダンプトラックによるずり運搬の計上区分(全選択肢網羅)
・「計上する」と表示されているが、外部設計と正しいか
集塵機の計上区分(全選択肢網羅)
・「計上する」と表示されているが、外部設計と正しいか","・岩区分 の規格名計上が意図通りの場所に正しく計上されているか
・設計掘削断面積 の規格名計上が意図通りの場所に正しく計上されているか
・切羽監視責任者の有無 の規格名計上が意図通りの場所に正しく計上されているか
・鏡吹付工施工の有無 の規格名計上が意図通りの場所に正しく計上されているか"
TC-094,新規歩掛,B,断面積45m2,無,無,排ガス対策型(第1次基準値),2ブーム・ドリフタ150kg級 1バスケット,排ガス対策型(第1次基準値),排ガス対策型(第1次基準値),計上しない,あり,計上する,計上しない,,○,○,○,○,○,○,○,○,○,○,○,○,○,"岩区分(全選択肢網羅)
・「B」と表示されているが、外部設計と正しいか
設計掘削断面積(全選択肢網羅)
・「断面積45m2」と表示されているが、外部設計と正しいか
切羽監視責任者の有無(全選択肢網羅)
・「無」と表示されているが、外部設計と正しいか
鏡吹付工施工の有無(全選択肢網羅)
・「無」と表示されているが、外部設計と正しいか
(ドリルジャンボ)排ガス機械の選択(全選択肢網羅)
・「排ガス対策型(第1次基準値)」と表示されているが、外部設計と正しいか
(大型ブレーカ)排ガス機械の選択(全選択肢網羅)
・「排ガス対策型(第1次基準値)」と表示されているが、外部設計と正しいか
(ホイールローダ)排ガス機械の選択(全選択肢網羅)
・「排ガス対策型(第1次基準値)」と表示されているが、外部設計と正しいか
ロックボルトの計上区分(全選択肢網羅)
・「計上しない」と表示されているが、外部設計と正しいか
鋼製支保有無(全選択肢網羅)
・「あり」と表示されているが、外部設計と正しいか
ダンプトラックによるずり運搬の計上区分(全選択肢網羅)
・「計上する」と表示されているが、外部設計と正しいか
集塵機の計上区分(全選択肢網羅)
・「計上しない」と表示されているが、外部設計と正しいか","・岩区分 の規格名計上が意図通りの場所に正しく計上されているか
・設計掘削断面積 の規格名計上が意図通りの場所に正しく計上されているか
・切羽監視責任者の有無 の規格名計上が意図通りの場所に正しく計上されているか
・鏡吹付工施工の有無 の規格名計上が意図通りの場所に正しく計上されているか"
TC-095,新規歩掛,B,断面積45m2,無,無,排ガス対策型(第1次基準値),2ブーム・ドリフタ150kg級 1バスケット,排ガス対策型(第1次基準値),排ガス対策型(第1次基準値),計上しない,あり,計上しない,計上する,,○,○,○,○,○,○,○,○,○,○,○,○,,"岩区分(全選択肢網羅)
・「B」と表示されているが、外部設計と正しいか
設計掘削断面積(全選択肢網羅)
・「断面積45m2」と表示されているが、外部設計と正しいか
切羽監視責任者の有無(全選択肢網羅)
・「無」と表示されているが、外部設計と正しいか
鏡吹付工施工の有無(全選択肢網羅)
・「無」と表示されているが、外部設計と正しいか
(ドリルジャンボ)排ガス機械の選択(全選択肢網羅)
・「排ガス対策型(第1次基準値)」と表示されているが、外部設計と正しいか
(大型ブレーカ)排ガス機械の選択(全選択肢網羅)
・「排ガス対策型(第1次基準値)」と表示されているが、外部設計と正しいか
(ホイールローダ)排ガス機械の選択(全選択肢網羅)
・「排ガス対策型(第1次基準値)」と表示されているが、外部設計と正しいか
ロックボルトの計上区分(全選択肢網羅)
・「計上しない」と表示されているが、外部設計と正しいか
鋼製支保有無(全選択肢網羅)
・「あり」と表示されているが、外部設計と正しいか
ダンプトラックによるずり運搬の計上区分(全選択肢網羅)
・「計上しない」と表示されているが、外部設計と正しいか
集塵機の計上区分(全選択肢網羅)
・「計上する」と表示されているが、外部設計と正しいか","・岩区分 の規格名計上が意図通りの場所に正しく計上されているか
・設計掘削断面積 の規格名計上が意図通りの場所に正しく計上されているか
・切羽監視責任者の有無 の規格名計上が意図通りの場所に正しく計上されているか
・鏡吹付工施工の有無 の規格名計上が意図通りの場所に正しく計上されているか"
TC-096,新規歩掛,B,断面積45m2,無,無,排ガス対策型(第1次基準値),2ブーム・ドリフタ150kg級 1バスケット,排ガス対策型(第1次基準値),排ガス対策型(第1次基準値),計上しない,あり,計上しない,計上しない,,○,○,○,○,○,○,○,○,○,○,○,○,,"岩区分(全選択肢網羅)
・「B」と表示されているが、外部設計と正しいか
設計掘削断面積(全選択肢網羅)
・「断面積45m2」と表示されているが、外部設計と正しいか
切羽監視責任者の有無(全選択肢網羅)
・「無」と表示されているが、外部設計と正しいか
鏡吹付工施工の有無(全選択肢網羅)
・「無」と表示されているが、外部設計と正しいか
(ドリルジャンボ)排ガス機械の選択(全選択肢網羅)
・「排ガス対策型(第1次基準値)」と表示されているが、外部設計と正しいか
(大型ブレーカ)排ガス機械の選択(全選択肢網羅)
・「排ガス対策型(第1次基準値)」と表示されているが、外部設計と正しいか
(ホイールローダ)排ガス機械の選択(全選択肢網羅)
・「排ガス対策型(第1次基準値)」と表示されているが、外部設計と正しいか
ロックボルトの計上区分(全選択肢網羅)
・「計上しない」と表示されているが、外部設計と正しいか
鋼製支保有無(全選択肢網羅)
・「あり」と表示されているが、外部設計と正しいか
ダンプトラックによるずり運搬の計上区分(全選択肢網羅)
・「計上しない」と表示されているが、外部設計と正しいか
集塵機の計上区分(全選択肢網羅)
・「計上しない」と表示されているが、外部設計と正しいか","・岩区分 の規格名計上が意図通りの場所に正しく計上されているか
・設計掘削断面積 の規格名計上が意図通りの場所に正しく計上されているか
・切羽監視責任者の有無 の規格名計上が意図通りの場所に正しく計上されているか
・鏡吹付工施工の有無 の規格名計上が意図通りの場所に正しく計上されているか"
TC-097,新規歩掛,DⅡ,断面積35m2,無,無,排ガス未対策型(旧),-,排ガス対策型(第1次基準値),排ガス対策型(第1次基準値),計上する,なし,計上する,計上する,○,○,○,○,○,○,○,○,○,○,○,○,○,○,"岩区分(全選択肢網羅)
・「DⅡ」と表示されているが、外部設計と正しいか
設計掘削断面積(全選択肢網羅)
・「断面積35m2」と表示されているが、外部設計と正しいか
切羽監視責任者の有無(全選択肢網羅)
・「無」と表示されているが、外部設計と正しいか
鏡吹付工施工の有無(全選択肢網羅)
・「無」と表示されているが、外部設計と正しいか
(ドリルジャンボ)排ガス機械の選択(全選択肢網羅)
・「排ガス未対策型(旧)」と表示されているが、外部設計と正しいか
(大型ブレーカ)排ガス機械の選択(全選択肢網羅)
・「排ガス対策型(第1次基準値)」と表示されているが、外部設計と正しいか
(ホイールローダ)排ガス機械の選択(全選択肢網羅)
・「排ガス対策型(第1次基準値)」と表示されているが、外部設計と正しいか
ロックボルトの計上区分(全選択肢網羅)
・「計上する」と表示されているが、外部設計と正しいか
鋼製支保有無(全選択肢網羅)
・「なし」と表示されているが、外部設計と正しいか
ダンプトラックによるずり運搬の計上区分(全選択肢網羅)
・「計上する」と表示されているが、外部設計と正しいか
集塵機の計上区分(全選択肢網羅)
・「計上する」と表示されているが、外部設計と正しいか","・岩区分 の規格名計上が意図通りの場所に正しく計上されているか
・設計掘削断面積 の規格名計上が意図通りの場所に正しく計上されているか
・切羽監視責任者の有無 の規格名計上が意図通りの場所に正しく計上されているか
・鏡吹付工施工の有無 の規格名計上が意図通りの場所に正しく計上されているか"
TC-098,新規歩掛,DⅡ,断面積35m2,無,無,排ガス未対策型(旧),-,排ガス対策型(第1次基準値),排ガス対策型(第1次基準値),計上する,なし,計上する,計上しない,○,○,○,○,○,○,○,○,○,○,○,○,○,○,"岩区分(全選択肢網羅)
・「DⅡ」と表示されているが、外部設計と正しいか
設計掘削断面積(全選択肢網羅)
・「断面積35m2」と表示されているが、外部設計と正しいか
切羽監視責任者の有無(全選択肢網羅)
・「無」と表示されているが、外部設計と正しいか
鏡吹付工施工の有無(全選択肢網羅)
・「無」と表示されているが、外部設計と正しいか
(ドリルジャンボ)排ガス機械の選択(全選択肢網羅)
・「排ガス未対策型(旧)」と表示されているが、外部設計と正しいか
(大型ブレーカ)排ガス機械の選択(全選択肢網羅)
・「排ガス対策型(第1次基準値)」と表示されているが、外部設計と正しいか
(ホイールローダ)排ガス機械の選択(全選択肢網羅)
・「排ガス対策型(第1次基準値)」と表示されているが、外部設計と正しいか
ロックボルトの計上区分(全選択肢網羅)
・「計上する」と表示されているが、外部設計と正しいか
鋼製支保有無(全選択肢網羅)
・「なし」と表示されているが、外部設計と正しいか
ダンプトラックによるずり運搬の計上区分(全選択肢網羅)
・「計上する」と表示されているが、外部設計と正しいか
集塵機の計上区分(全選択肢網羅)
・「計上しない」と表示されているが、外部設計と正しいか","・岩区分 の規格名計上が意図通りの場所に正しく計上されているか
・設計掘削断面積 の規格名計上が意図通りの場所に正しく計上されているか
・切羽監視責任者の有無 の規格名計上が意図通りの場所に正しく計上されているか
・鏡吹付工施工の有無 の規格名計上が意図通りの場所に正しく計上されているか"
TC-099,新規歩掛,DⅡ,断面積35m2,無,無,排ガス未対策型(旧),-,排ガス対策型(第1次基準値),排ガス対策型(第1次基準値),計上する,なし,計上しない,計上する,○,○,○,○,○,○,○,○,○,○,○,○,○,,"岩区分(全選択肢網羅)
・「DⅡ」と表示されているが、外部設計と正しいか
設計掘削断面積(全選択肢網羅)
・「断面積35m2」と表示されているが、外部設計と正しいか
切羽監視責任者の有無(全選択肢網羅)
・「無」と表示されているが、外部設計と正しいか
鏡吹付工施工の有無(全選択肢網羅)
・「無」と表示されているが、外部設計と正しいか
(ドリルジャンボ)排ガス機械の選択(全選択肢網羅)
・「排ガス未対策型(旧)」と表示されているが、外部設計と正しいか
(大型ブレーカ)排ガス機械の選択(全選択肢網羅)
・「排ガス対策型(第1次基準値)」と表示されているが、外部設計と正しいか
(ホイールローダ)排ガス機械の選択(全選択肢網羅)
・「排ガス対策型(第1次基準値)」と表示されているが、外部設計と正しいか
ロックボルトの計上区分(全選択肢網羅)
・「計上する」と表示されているが、外部設計と正しいか
鋼製支保有無(全選択肢網羅)
・「なし」と表示されているが、外部設計と正しいか
ダンプトラックによるずり運搬の計上区分(全選択肢網羅)
・「計上しない」と表示されているが、外部設計と正しいか
集塵機の計上区分(全選択肢網羅)
・「計上する」と表示されているが、外部設計と正しいか","・岩区分 の規格名計上が意図通りの場所に正しく計上されているか
・設計掘削断面積 の規格名計上が意図通りの場所に正しく計上されているか
・切羽監視責任者の有無 の規格名計上が意図通りの場所に正しく計上されているか
・鏡吹付工施工の有無 の規格名計上が意図通りの場所に正しく計上されているか"
TC-100,新規歩掛,DⅡ,断面積35m2,無,無,排ガス未対策型(旧),-,排ガス対策型(第1次基準値),排ガス対策型(第1次基準値),計上する,なし,計上しない,計上しない,○,○,○,○,○,○,○,○,○,○,○,○,○,,"岩区分(全選択肢網羅)
・「DⅡ」と表示されているが、外部設計と正しいか
設計掘削断面積(全選択肢網羅)
・「断面積35m2」と表示されているが、外部設計と正しいか
切羽監視責任者の有無(全選択肢網羅)
・「無」と表示されているが、外部設計と正しいか
鏡吹付工施工の有無(全選択肢網羅)
・「無」と表示されているが、外部設計と正しいか
(ドリルジャンボ)排ガス機械の選択(全選択肢網羅)
・「排ガス未対策型(旧)」と表示されているが、外部設計と正しいか
(大型ブレーカ)排ガス機械の選択(全選択肢網羅)
・「排ガス対策型(第1次基準値)」と表示されているが、外部設計と正しいか
(ホイールローダ)排ガス機械の選択(全選択肢網羅)
・「排ガス対策型(第1次基準値)」と表示されているが、外部設計と正しいか
ロックボルトの計上区分(全選択肢網羅)
・「計上する」と表示されているが、外部設計と正しいか
鋼製支保有無(全選択肢網羅)
・「なし」と表示されているが、外部設計と正しいか
ダンプトラックによるずり運搬の計上区分(全選択肢網羅)
・「計上しない」と表示されているが、外部設計と正しいか
集塵機の計上区分(全選択肢網羅)
・「計上しない」と表示されているが、外部設計と正しいか","・岩区分 の規格名計上が意図通りの場所に正しく計上されているか
・設計掘削断面積 の規格名計上が意図通りの場所に正しく計上されているか
・切羽監視責任者の有無 の規格名計上が意図通りの場所に正しく計上されているか
・鏡吹付工施工の有無 の規格名計上が意図通りの場所に正しく計上されているか"
TC-101,新規歩掛,DⅡ,断面積35m2,無,無,排ガス未対策型(旧),-,排ガス対策型(第1次基準値),排ガス対策型(第1次基準値),計上する,あり,計上する,計上する,○,○,○,○,○,○,○,○,○,○,○,○,○,○,"岩区分(全選択肢網羅)
・「DⅡ」と表示されているが、外部設計と正しいか
設計掘削断面積(全選択肢網羅)
・「断面積35m2」と表示されているが、外部設計と正しいか
切羽監視責任者の有無(全選択肢網羅)
・「無」と表示されているが、外部設計と正しいか
鏡吹付工施工の有無(全選択肢網羅)
・「無」と表示されているが、外部設計と正しいか
(ドリルジャンボ)排ガス機械の選択(全選択肢網羅)
・「排ガス未対策型(旧)」と表示されているが、外部設計と正しいか
(大型ブレーカ)排ガス機械の選択(全選択肢網羅)
・「排ガス対策型(第1次基準値)」と表示されているが、外部設計と正しいか
(ホイールローダ)排ガス機械の選択(全選択肢網羅)
・「排ガス対策型(第1次基準値)」と表示されているが、外部設計と正しいか
ロックボルトの計上区分(全選択肢網羅)
・「計上する」と表示されているが、外部設計と正しいか
鋼製支保有無(全選択肢網羅)
・「あり」と表示されているが、外部設計と正しいか
ダンプトラックによるずり運搬の計上区分(全選択肢網羅)
・「計上する」と表示されているが、外部設計と正しいか
集塵機の計上区分(全選択肢網羅)
・「計上する」と表示されているが、外部設計と正しいか","・岩区分 の規格名計上が意図通りの場所に正しく計上されているか
・設計掘削断面積 の規格名計上が意図通りの場所に正しく計上されているか
・切羽監視責任者の有無 の規格名計上が意図通りの場所に正しく計上されているか
・鏡吹付工施工の有無 の規格名計上が意図通りの場所に正しく計上されているか"
TC-102,新規歩掛,DⅡ,断面積35m2,無,無,排ガス未対策型(旧),-,排ガス対策型(第1次基準値),排ガス対策型(第1次基準値),計上する,あり,計上する,計上しない,○,○,○,○,○,○,○,○,○,○,○,○,○,○,"岩区分(全選択肢網羅)
・「DⅡ」と表示されているが、外部設計と正しいか
設計掘削断面積(全選択肢網羅)
・「断面積35m2」と表示されているが、外部設計と正しいか
切羽監視責任者の有無(全選択肢網羅)
・「無」と表示されているが、外部設計と正しいか
鏡吹付工施工の有無(全選択肢網羅)
・「無」と表示されているが、外部設計と正しいか
(ドリルジャンボ)排ガス機械の選択(全選択肢網羅)
・「排ガス未対策型(旧)」と表示されているが、外部設計と正しいか
(大型ブレーカ)排ガス機械の選択(全選択肢網羅)
・「排ガス対策型(第1次基準値)」と表示されているが、外部設計と正しいか
(ホイールローダ)排ガス機械の選択(全選択肢網羅)
・「排ガス対策型(第1次基準値)」と表示されているが、外部設計と正しいか
ロックボルトの計上区分(全選択肢網羅)
・「計上する」と表示されているが、外部設計と正しいか
鋼製支保有無(全選択肢網羅)
・「あり」と表示されているが、外部設計と正しいか
ダンプトラックによるずり運搬の計上区分(全選択肢網羅)
・「計上する」と表示されているが、外部設計と正しいか
集塵機の計上区分(全選択肢網羅)
・「計上しない」と表示されているが、外部設計と正しいか","・岩区分 の規格名計上が意図通りの場所に正しく計上されているか
・設計掘削断面積 の規格名計上が意図通りの場所に正しく計上されているか
・切羽監視責任者の有無 の規格名計上が意図通りの場所に正しく計上されているか
・鏡吹付工施工の有無 の規格名計上が意図通りの場所に正しく計上されているか"
TC-103,新規歩掛,DⅡ,断面積35m2,無,無,排ガス未対策型(旧),-,排ガス対策型(第1次基準値),排ガス対策型(第1次基準値),計上する,あり,計上しない,計上する,○,○,○,○,○,○,○,○,○,○,○,○,○,,"岩区分(全選択肢網羅)
・「DⅡ」と表示されているが、外部設計と正しいか
設計掘削断面積(全選択肢網羅)
・「断面積35m2」と表示されているが、外部設計と正しいか
切羽監視責任者の有無(全選択肢網羅)
・「無」と表示されているが、外部設計と正しいか
鏡吹付工施工の有無(全選択肢網羅)
・「無」と表示されているが、外部設計と正しいか
(ドリルジャンボ)排ガス機械の選択(全選択肢網羅)
・「排ガス未対策型(旧)」と表示されているが、外部設計と正しいか
(大型ブレーカ)排ガス機械の選択(全選択肢網羅)
・「排ガス対策型(第1次基準値)」と表示されているが、外部設計と正しいか
(ホイールローダ)排ガス機械の選択(全選択肢網羅)
・「排ガス対策型(第1次基準値)」と表示されているが、外部設計と正しいか
ロックボルトの計上区分(全選択肢網羅)
・「計上する」と表示されているが、外部設計と正しいか
鋼製支保有無(全選択肢網羅)
・「あり」と表示されているが、外部設計と正しいか
ダンプトラックによるずり運搬の計上区分(全選択肢網羅)
・「計上しない」と表示されているが、外部設計と正しいか
集塵機の計上区分(全選択肢網羅)
・「計上する」と表示されているが、外部設計と正しいか","・岩区分 の規格名計上が意図通りの場所に正しく計上されているか
・設計掘削断面積 の規格名計上が意図通りの場所に正しく計上されているか
・切羽監視責任者の有無 の規格名計上が意図通りの場所に正しく計上されているか
・鏡吹付工施工の有無 の規格名計上が意図通りの場所に正しく計上されているか"
TC-104,新規歩掛,DⅡ,断面積35m2,無,無,排ガス未対策型(旧),-,排ガス対策型(第1次基準値),排ガス対策型(第1次基準値),計上する,あり,計上しない,計上しない,○,○,○,○,○,○,○,○,○,○,○,○,○,,"岩区分(全選択肢網羅)
・「DⅡ」と表示されているが、外部設計と正しいか
設計掘削断面積(全選択肢網羅)
・「断面積35m2」と表示されているが、外部設計と正しいか
切羽監視責任者の有無(全選択肢網羅)
・「無」と表示されているが、外部設計と正しいか
鏡吹付工施工の有無(全選択肢網羅)
・「無」と表示されているが、外部設計と正しいか
(ドリルジャンボ)排ガス機械の選択(全選択肢網羅)
・「排ガス未対策型(旧)」と表示されているが、外部設計と正しいか
(大型ブレーカ)排ガス機械の選択(全選択肢網羅)
・「排ガス対策型(第1次基準値)」と表示されているが、外部設計と正しいか
(ホイールローダ)排ガス機械の選択(全選択肢網羅)
・「排ガス対策型(第1次基準値)」と表示されているが、外部設計と正しいか
ロックボルトの計上区分(全選択肢網羅)
・「計上する」と表示されているが、外部設計と正しいか
鋼製支保有無(全選択肢網羅)
・「あり」と表示されているが、外部設計と正しいか
ダンプトラックによるずり運搬の計上区分(全選択肢網羅)
・「計上しない」と表示されているが、外部設計と正しいか
集塵機の計上区分(全選択肢網羅)
・「計上しない」と表示されているが、外部設計と正しいか","・岩区分 の規格名計上が意図通りの場所に正しく計上されているか
・設計掘削断面積 の規格名計上が意図通りの場所に正しく計上されているか
・切羽監視責任者の有無 の規格名計上が意図通りの場所に正しく計上されているか
・鏡吹付工施工の有無 の規格名計上が意図通りの場所に正しく計上されているか"
TC-105,新規歩掛,DⅡ,断面積35m2,無,無,排ガス未対策型(旧),-,排ガス対策型(第1次基準値),排ガス対策型(第1次基準値),計上しない,なし,計上する,計上する,,○,○,○,○,○,○,○,○,○,○,○,○,○,"岩区分(全選択肢網羅)
・「DⅡ」と表示されているが、外部設計と正しいか
設計掘削断面積(全選択肢網羅)
・「断面積35m2」と表示されているが、外部設計と正しいか
切羽監視責任者の有無(全選択肢網羅)
・「無」と表示されているが、外部設計と正しいか
鏡吹付工施工の有無(全選択肢網羅)
・「無」と表示されているが、外部設計と正しいか
(ドリルジャンボ)排ガス機械の選択(全選択肢網羅)
・「排ガス未対策型(旧)」と表示されているが、外部設計と正しいか
(大型ブレーカ)排ガス機械の選択(全選択肢網羅)
・「排ガス対策型(第1次基準値)」と表示されているが、外部設計と正しいか
(ホイールローダ)排ガス機械の選択(全選択肢網羅)
・「排ガス対策型(第1次基準値)」と表示されているが、外部設計と正しいか
ロックボルトの計上区分(全選択肢網羅)
・「計上しない」と表示されているが、外部設計と正しいか
鋼製支保有無(全選択肢網羅)
・「なし」と表示されているが、外部設計と正しいか
ダンプトラックによるずり運搬の計上区分(全選択肢網羅)
・「計上する」と表示されているが、外部設計と正しいか
集塵機の計上区分(全選択肢網羅)
・「計上する」と表示されているが、外部設計と正しいか","・岩区分 の規格名計上が意図通りの場所に正しく計上されているか
・設計掘削断面積 の規格名計上が意図通りの場所に正しく計上されているか
・切羽監視責任者の有無 の規格名計上が意図通りの場所に正しく計上されているか
・鏡吹付工施工の有無 の規格名計上が意図通りの場所に正しく計上されているか"
TC-106,新規歩掛,DⅡ,断面積35m2,無,無,排ガス未対策型(旧),-,排ガス対策型(第1次基準値),排ガス対策型(第1次基準値),計上しない,なし,計上する,計上しない,,○,○,○,○,○,○,○,○,○,○,○,○,○,"岩区分(全選択肢網羅)
・「DⅡ」と表示されているが、外部設計と正しいか
設計掘削断面積(全選択肢網羅)
・「断面積35m2」と表示されているが、外部設計と正しいか
切羽監視責任者の有無(全選択肢網羅)
・「無」と表示されているが、外部設計と正しいか
鏡吹付工施工の有無(全選択肢網羅)
・「無」と表示されているが、外部設計と正しいか
(ドリルジャンボ)排ガス機械の選択(全選択肢網羅)
・「排ガス未対策型(旧)」と表示されているが、外部設計と正しいか
(大型ブレーカ)排ガス機械の選択(全選択肢網羅)
・「排ガス対策型(第1次基準値)」と表示されているが、外部設計と正しいか
(ホイールローダ)排ガス機械の選択(全選択肢網羅)
・「排ガス対策型(第1次基準値)」と表示されているが、外部設計と正しいか
ロックボルトの計上区分(全選択肢網羅)
・「計上しない」と表示されているが、外部設計と正しいか
鋼製支保有無(全選択肢網羅)
・「なし」と表示されているが、外部設計と正しいか
ダンプトラックによるずり運搬の計上区分(全選択肢網羅)
・「計上する」と表示されているが、外部設計と正しいか
集塵機の計上区分(全選択肢網羅)
・「計上しない」と表示されているが、外部設計と正しいか","・岩区分 の規格名計上が意図通りの場所に正しく計上されているか
・設計掘削断面積 の規格名計上が意図通りの場所に正しく計上されているか
・切羽監視責任者の有無 の規格名計上が意図通りの場所に正しく計上されているか
・鏡吹付工施工の有無 の規格名計上が意図通りの場所に正しく計上されているか"
TC-107,新規歩掛,DⅡ,断面積35m2,無,無,排ガス未対策型(旧),-,排ガス対策型(第1次基準値),排ガス対策型(第1次基準値),計上しない,なし,計上しない,計上する,,○,○,○,○,○,○,○,○,○,○,○,○,,"岩区分(全選択肢網羅)
・「DⅡ」と表示されているが、外部設計と正しいか
設計掘削断面積(全選択肢網羅)
・「断面積35m2」と表示されているが、外部設計と正しいか
切羽監視責任者の有無(全選択肢網羅)
・「無」と表示されているが、外部設計と正しいか
鏡吹付工施工の有無(全選択肢網羅)
・「無」と表示されているが、外部設計と正しいか
(ドリルジャンボ)排ガス機械の選択(全選択肢網羅)
・「排ガス未対策型(旧)」と表示されているが、外部設計と正しいか
(大型ブレーカ)排ガス機械の選択(全選択肢網羅)
・「排ガス対策型(第1次基準値)」と表示されているが、外部設計と正しいか
(ホイールローダ)排ガス機械の選択(全選択肢網羅)
・「排ガス対策型(第1次基準値)」と表示されているが、外部設計と正しいか
ロックボルトの計上区分(全選択肢網羅)
・「計上しない」と表示されているが、外部設計と正しいか
鋼製支保有無(全選択肢網羅)
・「なし」と表示されているが、外部設計と正しいか
ダンプトラックによるずり運搬の計上区分(全選択肢網羅)
・「計上しない」と表示されているが、外部設計と正しいか
集塵機の計上区分(全選択肢網羅)
・「計上する」と表示されているが、外部設計と正しいか","・岩区分 の規格名計上が意図通りの場所に正しく計上されているか
・設計掘削断面積 の規格名計上が意図通りの場所に正しく計上されているか
・切羽監視責任者の有無 の規格名計上が意図通りの場所に正しく計上されているか
・鏡吹付工施工の有無 の規格名計上が意図通りの場所に正しく計上されているか"
TC-108,新規歩掛,DⅡ,断面積35m2,無,無,排ガス未対策型(旧),-,排ガス対策型(第1次基準値),排ガス対策型(第1次基準値),計上しない,なし,計上しない,計上しない,,○,○,○,○,○,○,○,○,○,○,○,○,,"岩区分(全選択肢網羅)
・「DⅡ」と表示されているが、外部設計と正しいか
設計掘削断面積(全選択肢網羅)
・「断面積35m2」と表示されているが、外部設計と正しいか
切羽監視責任者の有無(全選択肢網羅)
・「無」と表示されているが、外部設計と正しいか
鏡吹付工施工の有無(全選択肢網羅)
・「無」と表示されているが、外部設計と正しいか
(ドリルジャンボ)排ガス機械の選択(全選択肢網羅)
・「排ガス未対策型(旧)」と表示されているが、外部設計と正しいか
(大型ブレーカ)排ガス機械の選択(全選択肢網羅)
・「排ガス対策型(第1次基準値)」と表示されているが、外部設計と正しいか
(ホイールローダ)排ガス機械の選択(全選択肢網羅)
・「排ガス対策型(第1次基準値)」と表示されているが、外部設計と正しいか
ロックボルトの計上区分(全選択肢網羅)
・「計上しない」と表示されているが、外部設計と正しいか
鋼製支保有無(全選択肢網羅)
・「なし」と表示されているが、外部設計と正しいか
ダンプトラックによるずり運搬の計上区分(全選択肢網羅)
・「計上しない」と表示されているが、外部設計と正しいか
集塵機の計上区分(全選択肢網羅)
・「計上しない」と表示されているが、外部設計と正しいか","・岩区分 の規格名計上が意図通りの場所に正しく計上されているか
・設計掘削断面積 の規格名計上が意図通りの場所に正しく計上されているか
・切羽監視責任者の有無 の規格名計上が意図通りの場所に正しく計上されているか
・鏡吹付工施工の有無 の規格名計上が意図通りの場所に正しく計上されているか"
TC-109,新規歩掛,DⅡ,断面積35m2,無,無,排ガス未対策型(旧),-,排ガス対策型(第1次基準値),排ガス対策型(第1次基準値),計上しない,あり,計上する,計上する,,○,○,○,○,○,○,○,○,○,○,○,○,○,"岩区分(全選択肢網羅)
・「DⅡ」と表示されているが、外部設計と正しいか
設計掘削断面積(全選択肢網羅)
・「断面積35m2」と表示されているが、外部設計と正しいか
切羽監視責任者の有無(全選択肢網羅)
・「無」と表示されているが、外部設計と正しいか
鏡吹付工施工の有無(全選択肢網羅)
・「無」と表示されているが、外部設計と正しいか
(ドリルジャンボ)排ガス機械の選択(全選択肢網羅)
・「排ガス未対策型(旧)」と表示されているが、外部設計と正しいか
(大型ブレーカ)排ガス機械の選択(全選択肢網羅)
・「排ガス対策型(第1次基準値)」と表示されているが、外部設計と正しいか
(ホイールローダ)排ガス機械の選択(全選択肢網羅)
・「排ガス対策型(第1次基準値)」と表示されているが、外部設計と正しいか
ロックボルトの計上区分(全選択肢網羅)
・「計上しない」と表示されているが、外部設計と正しいか
鋼製支保有無(全選択肢網羅)
・「あり」と表示されているが、外部設計と正しいか
ダンプトラックによるずり運搬の計上区分(全選択肢網羅)
・「計上する」と表示されているが、外部設計と正しいか
集塵機の計上区分(全選択肢網羅)
・「計上する」と表示されているが、外部設計と正しいか","・岩区分 の規格名計上が意図通りの場所に正しく計上されているか
・設計掘削断面積 の規格名計上が意図通りの場所に正しく計上されているか
・切羽監視責任者の有無 の規格名計上が意図通りの場所に正しく計上されているか
・鏡吹付工施工の有無 の規格名計上が意図通りの場所に正しく計上されているか"
TC-110,新規歩掛,DⅡ,断面積35m2,無,無,排ガス未対策型(旧),-,排ガス対策型(第1次基準値),排ガス対策型(第1次基準値),計上しない,あり,計上する,計上しない,,○,○,○,○,○,○,○,○,○,○,○,○,○,"岩区分(全選択肢網羅)
・「DⅡ」と表示されているが、外部設計と正しいか
設計掘削断面積(全選択肢網羅)
・「断面積35m2」と表示されているが、外部設計と正しいか
切羽監視責任者の有無(全選択肢網羅)
・「無」と表示されているが、外部設計と正しいか
鏡吹付工施工の有無(全選択肢網羅)
・「無」と表示されているが、外部設計と正しいか
(ドリルジャンボ)排ガス機械の選択(全選択肢網羅)
・「排ガス未対策型(旧)」と表示されているが、外部設計と正しいか
(大型ブレーカ)排ガス機械の選択(全選択肢網羅)
・「排ガス対策型(第1次基準値)」と表示されているが、外部設計と正しいか
(ホイールローダ)排ガス機械の選択(全選択肢網羅)
・「排ガス対策型(第1次基準値)」と表示されているが、外部設計と正しいか
ロックボルトの計上区分(全選択肢網羅)
・「計上しない」と表示されているが、外部設計と正しいか
鋼製支保有無(全選択肢網羅)
・「あり」と表示されているが、外部設計と正しいか
ダンプトラックによるずり運搬の計上区分(全選択肢網羅)
・「計上する」と表示されているが、外部設計と正しいか
集塵機の計上区分(全選択肢網羅)
・「計上しない」と表示されているが、外部設計と正しいか","・岩区分 の規格名計上が意図通りの場所に正しく計上されているか
・設計掘削断面積 の規格名計上が意図通りの場所に正しく計上されているか
・切羽監視責任者の有無 の規格名計上が意図通りの場所に正しく計上されているか
・鏡吹付工施工の有無 の規格名計上が意図通りの場所に正しく計上されているか"
TC-111,新規歩掛,DⅡ,断面積35m2,無,無,排ガス未対策型(旧),-,排ガス対策型(第1次基準値),排ガス対策型(第1次基準値),計上しない,あり,計上しない,計上する,,○,○,○,○,○,○,○,○,○,○,○,○,,"岩区分(全選択肢網羅)
・「DⅡ」と表示されているが、外部設計と正しいか
設計掘削断面積(全選択肢網羅)
・「断面積35m2」と表示されているが、外部設計と正しいか
切羽監視責任者の有無(全選択肢網羅)
・「無」と表示されているが、外部設計と正しいか
鏡吹付工施工の有無(全選択肢網羅)
・「無」と表示されているが、外部設計と正しいか
(ドリルジャンボ)排ガス機械の選択(全選択肢網羅)
・「排ガス未対策型(旧)」と表示されているが、外部設計と正しいか
(大型ブレーカ)排ガス機械の選択(全選択肢網羅)
・「排ガス対策型(第1次基準値)」と表示されているが、外部設計と正しいか
(ホイールローダ)排ガス機械の選択(全選択肢網羅)
・「排ガス対策型(第1次基準値)」と表示されているが、外部設計と正しいか
ロックボルトの計上区分(全選択肢網羅)
・「計上しない」と表示されているが、外部設計と正しいか
鋼製支保有無(全選択肢網羅)
・「あり」と表示されているが、外部設計と正しいか
ダンプトラックによるずり運搬の計上区分(全選択肢網羅)
・「計上しない」と表示されているが、外部設計と正しいか
集塵機の計上区分(全選択肢網羅)
・「計上する」と表示されているが、外部設計と正しいか","・岩区分 の規格名計上が意図通りの場所に正しく計上されているか
・設計掘削断面積 の規格名計上が意図通りの場所に正しく計上されているか
・切羽監視責任者の有無 の規格名計上が意図通りの場所に正しく計上されているか
・鏡吹付工施工の有無 の規格名計上が意図通りの場所に正しく計上されているか"
TC-112,新規歩掛,DⅡ,断面積35m2,無,無,排ガス未対策型(旧),-,排ガス対策型(第1次基準値),排ガス対策型(第1次基準値),計上しない,あり,計上しない,計上しない,,○,○,○,○,○,○,○,○,○,○,○,○,,"岩区分(全選択肢網羅)
・「DⅡ」と表示されているが、外部設計と正しいか
設計掘削断面積(全選択肢網羅)
・「断面積35m2」と表示されているが、外部設計と正しいか
切羽監視責任者の有無(全選択肢網羅)
・「無」と表示されているが、外部設計と正しいか
鏡吹付工施工の有無(全選択肢網羅)
・「無」と表示されているが、外部設計と正しいか
(ドリルジャンボ)排ガス機械の選択(全選択肢網羅)
・「排ガス未対策型(旧)」と表示されているが、外部設計と正しいか
(大型ブレーカ)排ガス機械の選択(全選択肢網羅)
・「排ガス対策型(第1次基準値)」と表示されているが、外部設計と正しいか
(ホイールローダ)排ガス機械の選択(全選択肢網羅)
・「排ガス対策型(第1次基準値)」と表示されているが、外部設計と正しいか
ロックボルトの計上区分(全選択肢網羅)
・「計上しない」と表示されているが、外部設計と正しいか
鋼製支保有無(全選択肢網羅)
・「あり」と表示されているが、外部設計と正しいか
ダンプトラックによるずり運搬の計上区分(全選択肢網羅)
・「計上しない」と表示されているが、外部設計と正しいか
集塵機の計上区分(全選択肢網羅)
・「計上しない」と表示されているが、外部設計と正しいか","・岩区分 の規格名計上が意図通りの場所に正しく計上されているか
・設計掘削断面積 の規格名計上が意図通りの場所に正しく計上されているか
・切羽監視責任者の有無 の規格名計上が意図通りの場所に正しく計上されているか
・鏡吹付工施工の有無 の規格名計上が意図通りの場所に正しく計上されているか"
TC-113,新規歩掛,DⅡ,断面積35m2,無,無,排ガス対策型(第1次基準値),2ブーム・ドリフタ150kg級 1バスケット,排ガス対策型(第1次基準値),排ガス対策型(第1次基準値),計上する,なし,計上する,計上する,○,○,○,○,○,○,○,○,○,○,○,○,○,○,"岩区分(全選択肢網羅)
・「DⅡ」と表示されているが、外部設計と正しいか
設計掘削断面積(全選択肢網羅)
・「断面積35m2」と表示されているが、外部設計と正しいか
切羽監視責任者の有無(全選択肢網羅)
・「無」と表示されているが、外部設計と正しいか
鏡吹付工施工の有無(全選択肢網羅)
・「無」と表示されているが、外部設計と正しいか
(ドリルジャンボ)排ガス機械の選択(全選択肢網羅)
・「排ガス対策型(第1次基準値)」と表示されているが、外部設計と正しいか
(大型ブレーカ)排ガス機械の選択(全選択肢網羅)
・「排ガス対策型(第1次基準値)」と表示されているが、外部設計と正しいか
(ホイールローダ)排ガス機械の選択(全選択肢網羅)
・「排ガス対策型(第1次基準値)」と表示されているが、外部設計と正しいか
ロックボルトの計上区分(全選択肢網羅)
・「計上する」と表示されているが、外部設計と正しいか
鋼製支保有無(全選択肢網羅)
・「なし」と表示されているが、外部設計と正しいか
ダンプトラックによるずり運搬の計上区分(全選択肢網羅)
・「計上する」と表示されているが、外部設計と正しいか
集塵機の計上区分(全選択肢網羅)
・「計上する」と表示されているが、外部設計と正しいか","・岩区分 の規格名計上が意図通りの場所に正しく計上されているか
・設計掘削断面積 の規格名計上が意図通りの場所に正しく計上されているか
・切羽監視責任者の有無 の規格名計上が意図通りの場所に正しく計上されているか
・鏡吹付工施工の有無 の規格名計上が意図通りの場所に正しく計上されているか"
TC-114,新規歩掛,DⅡ,断面積35m2,無,無,排ガス対策型(第1次基準値),2ブーム・ドリフタ150kg級 1バスケット,排ガス対策型(第1次基準値),排ガス対策型(第1次基準値),計上する,なし,計上する,計上しない,○,○,○,○,○,○,○,○,○,○,○,○,○,○,"岩区分(全選択肢網羅)
・「DⅡ」と表示されているが、外部設計と正しいか
設計掘削断面積(全選択肢網羅)
・「断面積35m2」と表示されているが、外部設計と正しいか
切羽監視責任者の有無(全選択肢網羅)
・「無」と表示されているが、外部設計と正しいか
鏡吹付工施工の有無(全選択肢網羅)
・「無」と表示されているが、外部設計と正しいか
(ドリルジャンボ)排ガス機械の選択(全選択肢網羅)
・「排ガス対策型(第1次基準値)」と表示されているが、外部設計と正しいか
(大型ブレーカ)排ガス機械の選択(全選択肢網羅)
・「排ガス対策型(第1次基準値)」と表示されているが、外部設計と正しいか
(ホイールローダ)排ガス機械の選択(全選択肢網羅)
・「排ガス対策型(第1次基準値)」と表示されているが、外部設計と正しいか
ロックボルトの計上区分(全選択肢網羅)
・「計上する」と表示されているが、外部設計と正しいか
鋼製支保有無(全選択肢網羅)
・「なし」と表示されているが、外部設計と正しいか
ダンプトラックによるずり運搬の計上区分(全選択肢網羅)
・「計上する」と表示されているが、外部設計と正しいか
集塵機の計上区分(全選択肢網羅)
・「計上しない」と表示されているが、外部設計と正しいか","・岩区分 の規格名計上が意図通りの場所に正しく計上されているか
・設計掘削断面積 の規格名計上が意図通りの場所に正しく計上されているか
・切羽監視責任者の有無 の規格名計上が意図通りの場所に正しく計上されているか
・鏡吹付工施工の有無 の規格名計上が意図通りの場所に正しく計上されているか"
TC-115,新規歩掛,DⅡ,断面積35m2,無,無,排ガス対策型(第1次基準値),2ブーム・ドリフタ150kg級 1バスケット,排ガス対策型(第1次基準値),排ガス対策型(第1次基準値),計上する,なし,計上しない,計上する,○,○,○,○,○,○,○,○,○,○,○,○,○,,"岩区分(全選択肢網羅)
・「DⅡ」と表示されているが、外部設計と正しいか
設計掘削断面積(全選択肢網羅)
・「断面積35m2」と表示されているが、外部設計と正しいか
切羽監視責任者の有無(全選択肢網羅)
・「無」と表示されているが、外部設計と正しいか
鏡吹付工施工の有無(全選択肢網羅)
・「無」と表示されているが、外部設計と正しいか
(ドリルジャンボ)排ガス機械の選択(全選択肢網羅)
・「排ガス対策型(第1次基準値)」と表示されているが、外部設計と正しいか
(大型ブレーカ)排ガス機械の選択(全選択肢網羅)
・「排ガス対策型(第1次基準値)」と表示されているが、外部設計と正しいか
(ホイールローダ)排ガス機械の選択(全選択肢網羅)
・「排ガス対策型(第1次基準値)」と表示されているが、外部設計と正しいか
ロックボルトの計上区分(全選択肢網羅)
・「計上する」と表示されているが、外部設計と正しいか
鋼製支保有無(全選択肢網羅)
・「なし」と表示されているが、外部設計と正しいか
ダンプトラックによるずり運搬の計上区分(全選択肢網羅)
・「計上しない」と表示されているが、外部設計と正しいか
集塵機の計上区分(全選択肢網羅)
・「計上する」と表示されているが、外部設計と正しいか","・岩区分 の規格名計上が意図通りの場所に正しく計上されているか
・設計掘削断面積 の規格名計上が意図通りの場所に正しく計上されているか
・切羽監視責任者の有無 の規格名計上が意図通りの場所に正しく計上されているか
・鏡吹付工施工の有無 の規格名計上が意図通りの場所に正しく計上されているか"
TC-116,新規歩掛,DⅡ,断面積35m2,無,無,排ガス対策型(第1次基準値),2ブーム・ドリフタ150kg級 1バスケット,排ガス対策型(第1次基準値),排ガス対策型(第1次基準値),計上する,なし,計上しない,計上しない,○,○,○,○,○,○,○,○,○,○,○,○,○,,"岩区分(全選択肢網羅)
・「DⅡ」と表示されているが、外部設計と正しいか
設計掘削断面積(全選択肢網羅)
・「断面積35m2」と表示されているが、外部設計と正しいか
切羽監視責任者の有無(全選択肢網羅)
・「無」と表示されているが、外部設計と正しいか
鏡吹付工施工の有無(全選択肢網羅)
・「無」と表示されているが、外部設計と正しいか
(ドリルジャンボ)排ガス機械の選択(全選択肢網羅)
・「排ガス対策型(第1次基準値)」と表示されているが、外部設計と正しいか
(大型ブレーカ)排ガス機械の選択(全選択肢網羅)
・「排ガス対策型(第1次基準値)」と表示されているが、外部設計と正しいか
(ホイールローダ)排ガス機械の選択(全選択肢網羅)
・「排ガス対策型(第1次基準値)」と表示されているが、外部設計と正しいか
ロックボルトの計上区分(全選択肢網羅)
・「計上する」と表示されているが、外部設計と正しいか
鋼製支保有無(全選択肢網羅)
・「なし」と表示されているが、外部設計と正しいか
ダンプトラックによるずり運搬の計上区分(全選択肢網羅)
・「計上しない」と表示されているが、外部設計と正しいか
集塵機の計上区分(全選択肢網羅)
・「計上しない」と表示されているが、外部設計と正しいか","・岩区分 の規格名計上が意図通りの場所に正しく計上されているか
・設計掘削断面積 の規格名計上が意図通りの場所に正しく計上されているか
・切羽監視責任者の有無 の規格名計上が意図通りの場所に正しく計上されているか
・鏡吹付工施工の有無 の規格名計上が意図通りの場所に正しく計上されているか"
TC-117,新規歩掛,DⅡ,断面積35m2,無,無,排ガス対策型(第1次基準値),2ブーム・ドリフタ150kg級 1バスケット,排ガス対策型(第1次基準値),排ガス対策型(第1次基準値),計上する,あり,計上する,計上する,○,○,○,○,○,○,○,○,○,○,○,○,○,○,"岩区分(全選択肢網羅)
・「DⅡ」と表示されているが、外部設計と正しいか
設計掘削断面積(全選択肢網羅)
・「断面積35m2」と表示されているが、外部設計と正しいか
切羽監視責任者の有無(全選択肢網羅)
・「無」と表示されているが、外部設計と正しいか
鏡吹付工施工の有無(全選択肢網羅)
・「無」と表示されているが、外部設計と正しいか
(ドリルジャンボ)排ガス機械の選択(全選択肢網羅)
・「排ガス対策型(第1次基準値)」と表示されているが、外部設計と正しいか
(大型ブレーカ)排ガス機械の選択(全選択肢網羅)
・「排ガス対策型(第1次基準値)」と表示されているが、外部設計と正しいか
(ホイールローダ)排ガス機械の選択(全選択肢網羅)
・「排ガス対策型(第1次基準値)」と表示されているが、外部設計と正しいか
ロックボルトの計上区分(全選択肢網羅)
・「計上する」と表示されているが、外部設計と正しいか
鋼製支保有無(全選択肢網羅)
・「あり」と表示されているが、外部設計と正しいか
ダンプトラックによるずり運搬の計上区分(全選択肢網羅)
・「計上する」と表示されているが、外部設計と正しいか
集塵機の計上区分(全選択肢網羅)
・「計上する」と表示されているが、外部設計と正しいか","・岩区分 の規格名計上が意図通りの場所に正しく計上されているか
・設計掘削断面積 の規格名計上が意図通りの場所に正しく計上されているか
・切羽監視責任者の有無 の規格名計上が意図通りの場所に正しく計上されているか
・鏡吹付工施工の有無 の規格名計上が意図通りの場所に正しく計上されているか"
TC-118,新規歩掛,DⅡ,断面積35m2,無,無,排ガス対策型(第1次基準値),2ブーム・ドリフタ150kg級 1バスケット,排ガス対策型(第1次基準値),排ガス対策型(第1次基準値),計上する,あり,計上する,計上しない,○,○,○,○,○,○,○,○,○,○,○,○,○,○,"岩区分(全選択肢網羅)
・「DⅡ」と表示されているが、外部設計と正しいか
設計掘削断面積(全選択肢網羅)
・「断面積35m2」と表示されているが、外部設計と正しいか
切羽監視責任者の有無(全選択肢網羅)
・「無」と表示されているが、外部設計と正しいか
鏡吹付工施工の有無(全選択肢網羅)
・「無」と表示されているが、外部設計と正しいか
(ドリルジャンボ)排ガス機械の選択(全選択肢網羅)
・「排ガス対策型(第1次基準値)」と表示されているが、外部設計と正しいか
(大型ブレーカ)排ガス機械の選択(全選択肢網羅)
・「排ガス対策型(第1次基準値)」と表示されているが、外部設計と正しいか
(ホイールローダ)排ガス機械の選択(全選択肢網羅)
・「排ガス対策型(第1次基準値)」と表示されているが、外部設計と正しいか
ロックボルトの計上区分(全選択肢網羅)
・「計上する」と表示されているが、外部設計と正しいか
鋼製支保有無(全選択肢網羅)
・「あり」と表示されているが、外部設計と正しいか
ダンプトラックによるずり運搬の計上区分(全選択肢網羅)
・「計上する」と表示されているが、外部設計と正しいか
集塵機の計上区分(全選択肢網羅)
・「計上しない」と表示されているが、外部設計と正しいか","・岩区分 の規格名計上が意図通りの場所に正しく計上されているか
・設計掘削断面積 の規格名計上が意図通りの場所に正しく計上されているか
・切羽監視責任者の有無 の規格名計上が意図通りの場所に正しく計上されているか
・鏡吹付工施工の有無 の規格名計上が意図通りの場所に正しく計上されているか"
TC-119,新規歩掛,DⅡ,断面積35m2,無,無,排ガス対策型(第1次基準値),2ブーム・ドリフタ150kg級 1バスケット,排ガス対策型(第1次基準値),排ガス対策型(第1次基準値),計上する,あり,計上しない,計上する,○,○,○,○,○,○,○,○,○,○,○,○,○,,"岩区分(全選択肢網羅)
・「DⅡ」と表示されているが、外部設計と正しいか
設計掘削断面積(全選択肢網羅)
・「断面積35m2」と表示されているが、外部設計と正しいか
切羽監視責任者の有無(全選択肢網羅)
・「無」と表示されているが、外部設計と正しいか
鏡吹付工施工の有無(全選択肢網羅)
・「無」と表示されているが、外部設計と正しいか
(ドリルジャンボ)排ガス機械の選択(全選択肢網羅)
・「排ガス対策型(第1次基準値)」と表示されているが、外部設計と正しいか
(大型ブレーカ)排ガス機械の選択(全選択肢網羅)
・「排ガス対策型(第1次基準値)」と表示されているが、外部設計と正しいか
(ホイールローダ)排ガス機械の選択(全選択肢網羅)
・「排ガス対策型(第1次基準値)」と表示されているが、外部設計と正しいか
ロックボルトの計上区分(全選択肢網羅)
・「計上する」と表示されているが、外部設計と正しいか
鋼製支保有無(全選択肢網羅)
・「あり」と表示されているが、外部設計と正しいか
ダンプトラックによるずり運搬の計上区分(全選択肢網羅)
・「計上しない」と表示されているが、外部設計と正しいか
集塵機の計上区分(全選択肢網羅)
・「計上する」と表示されているが、外部設計と正しいか","・岩区分 の規格名計上が意図通りの場所に正しく計上されているか
・設計掘削断面積 の規格名計上が意図通りの場所に正しく計上されているか
・切羽監視責任者の有無 の規格名計上が意図通りの場所に正しく計上されているか
・鏡吹付工施工の有無 の規格名計上が意図通りの場所に正しく計上されているか"
TC-120,新規歩掛,DⅡ,断面積35m2,無,無,排ガス対策型(第1次基準値),2ブーム・ドリフタ150kg級 1バスケット,排ガス対策型(第1次基準値),排ガス対策型(第1次基準値),計上する,あり,計上しない,計上しない,○,○,○,○,○,○,○,○,○,○,○,○,○,,"岩区分(全選択肢網羅)
・「DⅡ」と表示されているが、外部設計と正しいか
設計掘削断面積(全選択肢網羅)
・「断面積35m2」と表示されているが、外部設計と正しいか
切羽監視責任者の有無(全選択肢網羅)
・「無」と表示されているが、外部設計と正しいか
鏡吹付工施工の有無(全選択肢網羅)
・「無」と表示されているが、外部設計と正しいか
(ドリルジャンボ)排ガス機械の選択(全選択肢網羅)
・「排ガス対策型(第1次基準値)」と表示されているが、外部設計と正しいか
(大型ブレーカ)排ガス機械の選択(全選択肢網羅)
・「排ガス対策型(第1次基準値)」と表示されているが、外部設計と正しいか
(ホイールローダ)排ガス機械の選択(全選択肢網羅)
・「排ガス対策型(第1次基準値)」と表示されているが、外部設計と正しいか
ロックボルトの計上区分(全選択肢網羅)
・「計上する」と表示されているが、外部設計と正しいか
鋼製支保有無(全選択肢網羅)
・「あり」と表示されているが、外部設計と正しいか
ダンプトラックによるずり運搬の計上区分(全選択肢網羅)
・「計上しない」と表示されているが、外部設計と正しいか
集塵機の計上区分(全選択肢網羅)
・「計上しない」と表示されているが、外部設計と正しいか","・岩区分 の規格名計上が意図通りの場所に正しく計上されているか
・設計掘削断面積 の規格名計上が意図通りの場所に正しく計上されているか
・切羽監視責任者の有無 の規格名計上が意図通りの場所に正しく計上されているか
・鏡吹付工施工の有無 の規格名計上が意図通りの場所に正しく計上されているか"
TC-121,新規歩掛,DⅡ,断面積35m2,無,無,排ガス対策型(第1次基準値),2ブーム・ドリフタ150kg級 1バスケット,排ガス対策型(第1次基準値),排ガス対策型(第1次基準値),計上しない,なし,計上する,計上する,,○,○,○,○,○,○,○,○,○,○,○,○,○,"岩区分(全選択肢網羅)
・「DⅡ」と表示されているが、外部設計と正しいか
設計掘削断面積(全選択肢網羅)
・「断面積35m2」と表示されているが、外部設計と正しいか
切羽監視責任者の有無(全選択肢網羅)
・「無」と表示されているが、外部設計と正しいか
鏡吹付工施工の有無(全選択肢網羅)
・「無」と表示されているが、外部設計と正しいか
(ドリルジャンボ)排ガス機械の選択(全選択肢網羅)
・「排ガス対策型(第1次基準値)」と表示されているが、外部設計と正しいか
(大型ブレーカ)排ガス機械の選択(全選択肢網羅)
・「排ガス対策型(第1次基準値)」と表示されているが、外部設計と正しいか
(ホイールローダ)排ガス機械の選択(全選択肢網羅)
・「排ガス対策型(第1次基準値)」と表示されているが、外部設計と正しいか
ロックボルトの計上区分(全選択肢網羅)
・「計上しない」と表示されているが、外部設計と正しいか
鋼製支保有無(全選択肢網羅)
・「なし」と表示されているが、外部設計と正しいか
ダンプトラックによるずり運搬の計上区分(全選択肢網羅)
・「計上する」と表示されているが、外部設計と正しいか
集塵機の計上区分(全選択肢網羅)
・「計上する」と表示されているが、外部設計と正しいか","・岩区分 の規格名計上が意図通りの場所に正しく計上されているか
・設計掘削断面積 の規格名計上が意図通りの場所に正しく計上されているか
・切羽監視責任者の有無 の規格名計上が意図通りの場所に正しく計上されているか
・鏡吹付工施工の有無 の規格名計上が意図通りの場所に正しく計上されているか"
TC-122,新規歩掛,DⅡ,断面積35m2,無,無,排ガス対策型(第1次基準値),2ブーム・ドリフタ150kg級 1バスケット,排ガス対策型(第1次基準値),排ガス対策型(第1次基準値),計上しない,なし,計上する,計上しない,,○,○,○,○,○,○,○,○,○,○,○,○,○,"岩区分(全選択肢網羅)
・「DⅡ」と表示されているが、外部設計と正しいか
設計掘削断面積(全選択肢網羅)
・「断面積35m2」と表示されているが、外部設計と正しいか
切羽監視責任者の有無(全選択肢網羅)
・「無」と表示されているが、外部設計と正しいか
鏡吹付工施工の有無(全選択肢網羅)
・「無」と表示されているが、外部設計と正しいか
(ドリルジャンボ)排ガス機械の選択(全選択肢網羅)
・「排ガス対策型(第1次基準値)」と表示されているが、外部設計と正しいか
(大型ブレーカ)排ガス機械の選択(全選択肢網羅)
・「排ガス対策型(第1次基準値)」と表示されているが、外部設計と正しいか
(ホイールローダ)排ガス機械の選択(全選択肢網羅)
・「排ガス対策型(第1次基準値)」と表示されているが、外部設計と正しいか
ロックボルトの計上区分(全選択肢網羅)
・「計上しない」と表示されているが、外部設計と正しいか
鋼製支保有無(全選択肢網羅)
・「なし」と表示されているが、外部設計と正しいか
ダンプトラックによるずり運搬の計上区分(全選択肢網羅)
・「計上する」と表示されているが、外部設計と正しいか
集塵機の計上区分(全選択肢網羅)
・「計上しない」と表示されているが、外部設計と正しいか","・岩区分 の規格名計上が意図通りの場所に正しく計上されているか
・設計掘削断面積 の規格名計上が意図通りの場所に正しく計上されているか
・切羽監視責任者の有無 の規格名計上が意図通りの場所に正しく計上されているか
・鏡吹付工施工の有無 の規格名計上が意図通りの場所に正しく計上されているか"
TC-123,新規歩掛,DⅡ,断面積35m2,無,無,排ガス対策型(第1次基準値),2ブーム・ドリフタ150kg級 1バスケット,排ガス対策型(第1次基準値),排ガス対策型(第1次基準値),計上しない,なし,計上しない,計上する,,○,○,○,○,○,○,○,○,○,○,○,○,,"岩区分(全選択肢網羅)
・「DⅡ」と表示されているが、外部設計と正しいか
設計掘削断面積(全選択肢網羅)
・「断面積35m2」と表示されているが、外部設計と正しいか
切羽監視責任者の有無(全選択肢網羅)
・「無」と表示されているが、外部設計と正しいか
鏡吹付工施工の有無(全選択肢網羅)
・「無」と表示されているが、外部設計と正しいか
(ドリルジャンボ)排ガス機械の選択(全選択肢網羅)
・「排ガス対策型(第1次基準値)」と表示されているが、外部設計と正しいか
(大型ブレーカ)排ガス機械の選択(全選択肢網羅)
・「排ガス対策型(第1次基準値)」と表示されているが、外部設計と正しいか
(ホイールローダ)排ガス機械の選択(全選択肢網羅)
・「排ガス対策型(第1次基準値)」と表示されているが、外部設計と正しいか
ロックボルトの計上区分(全選択肢網羅)
・「計上しない」と表示されているが、外部設計と正しいか
鋼製支保有無(全選択肢網羅)
・「なし」と表示されているが、外部設計と正しいか
ダンプトラックによるずり運搬の計上区分(全選択肢網羅)
・「計上しない」と表示されているが、外部設計と正しいか
集塵機の計上区分(全選択肢網羅)
・「計上する」と表示されているが、外部設計と正しいか","・岩区分 の規格名計上が意図通りの場所に正しく計上されているか
・設計掘削断面積 の規格名計上が意図通りの場所に正しく計上されているか
・切羽監視責任者の有無 の規格名計上が意図通りの場所に正しく計上されているか
・鏡吹付工施工の有無 の規格名計上が意図通りの場所に正しく計上されているか"
TC-124,新規歩掛,DⅡ,断面積35m2,無,無,排ガス対策型(第1次基準値),2ブーム・ドリフタ150kg級 1バスケット,排ガス対策型(第1次基準値),排ガス対策型(第1次基準値),計上しない,なし,計上しない,計上しない,,○,○,○,○,○,○,○,○,○,○,○,○,,"岩区分(全選択肢網羅)
・「DⅡ」と表示されているが、外部設計と正しいか
設計掘削断面積(全選択肢網羅)
・「断面積35m2」と表示されているが、外部設計と正しいか
切羽監視責任者の有無(全選択肢網羅)
・「無」と表示されているが、外部設計と正しいか
鏡吹付工施工の有無(全選択肢網羅)
・「無」と表示されているが、外部設計と正しいか
(ドリルジャンボ)排ガス機械の選択(全選択肢網羅)
・「排ガス対策型(第1次基準値)」と表示されているが、外部設計と正しいか
(大型ブレーカ)排ガス機械の選択(全選択肢網羅)
・「排ガス対策型(第1次基準値)」と表示されているが、外部設計と正しいか
(ホイールローダ)排ガス機械の選択(全選択肢網羅)
・「排ガス対策型(第1次基準値)」と表示されているが、外部設計と正しいか
ロックボルトの計上区分(全選択肢網羅)
・「計上しない」と表示されているが、外部設計と正しいか
鋼製支保有無(全選択肢網羅)
・「なし」と表示されているが、外部設計と正しいか
ダンプトラックによるずり運搬の計上区分(全選択肢網羅)
・「計上しない」と表示されているが、外部設計と正しいか
集塵機の計上区分(全選択肢網羅)
・「計上しない」と表示されているが、外部設計と正しいか","・岩区分 の規格名計上が意図通りの場所に正しく計上されているか
・設計掘削断面積 の規格名計上が意図通りの場所に正しく計上されているか
・切羽監視責任者の有無 の規格名計上が意図通りの場所に正しく計上されているか
・鏡吹付工施工の有無 の規格名計上が意図通りの場所に正しく計上されているか"
TC-125,新規歩掛,DⅡ,断面積35m2,無,無,排ガス対策型(第1次基準値),2ブーム・ドリフタ150kg級 1バスケット,排ガス対策型(第1次基準値),排ガス対策型(第1次基準値),計上しない,あり,計上する,計上する,,○,○,○,○,○,○,○,○,○,○,○,○,○,"岩区分(全選択肢網羅)
・「DⅡ」と表示されているが、外部設計と正しいか
設計掘削断面積(全選択肢網羅)
・「断面積35m2」と表示されているが、外部設計と正しいか
切羽監視責任者の有無(全選択肢網羅)
・「無」と表示されているが、外部設計と正しいか
鏡吹付工施工の有無(全選択肢網羅)
・「無」と表示されているが、外部設計と正しいか
(ドリルジャンボ)排ガス機械の選択(全選択肢網羅)
・「排ガス対策型(第1次基準値)」と表示されているが、外部設計と正しいか
(大型ブレーカ)排ガス機械の選択(全選択肢網羅)
・「排ガス対策型(第1次基準値)」と表示されているが、外部設計と正しいか
(ホイールローダ)排ガス機械の選択(全選択肢網羅)
・「排ガス対策型(第1次基準値)」と表示されているが、外部設計と正しいか
ロックボルトの計上区分(全選択肢網羅)
・「計上しない」と表示されているが、外部設計と正しいか
鋼製支保有無(全選択肢網羅)
・「あり」と表示されているが、外部設計と正しいか
ダンプトラックによるずり運搬の計上区分(全選択肢網羅)
・「計上する」と表示されているが、外部設計と正しいか
集塵機の計上区分(全選択肢網羅)
・「計上する」と表示されているが、外部設計と正しいか","・岩区分 の規格名計上が意図通りの場所に正しく計上されているか
・設計掘削断面積 の規格名計上が意図通りの場所に正しく計上されているか
・切羽監視責任者の有無 の規格名計上が意図通りの場所に正しく計上されているか
・鏡吹付工施工の有無 の規格名計上が意図通りの場所に正しく計上されているか"
TC-126,新規歩掛,DⅡ,断面積35m2,無,無,排ガス対策型(第1次基準値),2ブーム・ドリフタ150kg級 1バスケット,排ガス対策型(第1次基準値),排ガス対策型(第1次基準値),計上しない,あり,計上する,計上しない,,○,○,○,○,○,○,○,○,○,○,○,○,○,"岩区分(全選択肢網羅)
・「DⅡ」と表示されているが、外部設計と正しいか
設計掘削断面積(全選択肢網羅)
・「断面積35m2」と表示されているが、外部設計と正しいか
切羽監視責任者の有無(全選択肢網羅)
・「無」と表示されているが、外部設計と正しいか
鏡吹付工施工の有無(全選択肢網羅)
・「無」と表示されているが、外部設計と正しいか
(ドリルジャンボ)排ガス機械の選択(全選択肢網羅)
・「排ガス対策型(第1次基準値)」と表示されているが、外部設計と正しいか
(大型ブレーカ)排ガス機械の選択(全選択肢網羅)
・「排ガス対策型(第1次基準値)」と表示されているが、外部設計と正しいか
(ホイールローダ)排ガス機械の選択(全選択肢網羅)
・「排ガス対策型(第1次基準値)」と表示されているが、外部設計と正しいか
ロックボルトの計上区分(全選択肢網羅)
・「計上しない」と表示されているが、外部設計と正しいか
鋼製支保有無(全選択肢網羅)
・「あり」と表示されているが、外部設計と正しいか
ダンプトラックによるずり運搬の計上区分(全選択肢網羅)
・「計上する」と表示されているが、外部設計と正しいか
集塵機の計上区分(全選択肢網羅)
・「計上しない」と表示されているが、外部設計と正しいか","・岩区分 の規格名計上が意図通りの場所に正しく計上されているか
・設計掘削断面積 の規格名計上が意図通りの場所に正しく計上されているか
・切羽監視責任者の有無 の規格名計上が意図通りの場所に正しく計上されているか
・鏡吹付工施工の有無 の規格名計上が意図通りの場所に正しく計上されているか"
TC-127,新規歩掛,DⅡ,断面積35m2,無,無,排ガス対策型(第1次基準値),2ブーム・ドリフタ150kg級 1バスケット,排ガス対策型(第1次基準値),排ガス対策型(第1次基準値),計上しない,あり,計上しない,計上する,,○,○,○,○,○,○,○,○,○,○,○,○,,"岩区分(全選択肢網羅)
・「DⅡ」と表示されているが、外部設計と正しいか
設計掘削断面積(全選択肢網羅)
・「断面積35m2」と表示されているが、外部設計と正しいか
切羽監視責任者の有無(全選択肢網羅)
・「無」と表示されているが、外部設計と正しいか
鏡吹付工施工の有無(全選択肢網羅)
・「無」と表示されているが、外部設計と正しいか
(ドリルジャンボ)排ガス機械の選択(全選択肢網羅)
・「排ガス対策型(第1次基準値)」と表示されているが、外部設計と正しいか
(大型ブレーカ)排ガス機械の選択(全選択肢網羅)
・「排ガス対策型(第1次基準値)」と表示されているが、外部設計と正しいか
(ホイールローダ)排ガス機械の選択(全選択肢網羅)
・「排ガス対策型(第1次基準値)」と表示されているが、外部設計と正しいか
ロックボルトの計上区分(全選択肢網羅)
・「計上しない」と表示されているが、外部設計と正しいか
鋼製支保有無(全選択肢網羅)
・「あり」と表示されているが、外部設計と正しいか
ダンプトラックによるずり運搬の計上区分(全選択肢網羅)
・「計上しない」と表示されているが、外部設計と正しいか
集塵機の計上区分(全選択肢網羅)
・「計上する」と表示されているが、外部設計と正しいか","・岩区分 の規格名計上が意図通りの場所に正しく計上されているか
・設計掘削断面積 の規格名計上が意図通りの場所に正しく計上されているか
・切羽監視責任者の有無 の規格名計上が意図通りの場所に正しく計上されているか
・鏡吹付工施工の有無 の規格名計上が意図通りの場所に正しく計上されているか"
TC-128,新規歩掛,DⅡ,断面積35m2,無,無,排ガス対策型(第1次基準値),2ブーム・ドリフタ150kg級 1バスケット,排ガス対策型(第1次基準値),排ガス対策型(第1次基準値),計上しない,あり,計上しない,計上しない,,○,○,○,○,○,○,○,○,○,○,○,○,,"岩区分(全選択肢網羅)
・「DⅡ」と表示されているが、外部設計と正しいか
設計掘削断面積(全選択肢網羅)
・「断面積35m2」と表示されているが、外部設計と正しいか
切羽監視責任者の有無(全選択肢網羅)
・「無」と表示されているが、外部設計と正しいか
鏡吹付工施工の有無(全選択肢網羅)
・「無」と表示されているが、外部設計と正しいか
(ドリルジャンボ)排ガス機械の選択(全選択肢網羅)
・「排ガス対策型(第1次基準値)」と表示されているが、外部設計と正しいか
(大型ブレーカ)排ガス機械の選択(全選択肢網羅)
・「排ガス対策型(第1次基準値)」と表示されているが、外部設計と正しいか
(ホイールローダ)排ガス機械の選択(全選択肢網羅)
・「排ガス対策型(第1次基準値)」と表示されているが、外部設計と正しいか
ロックボルトの計上区分(全選択肢網羅)
・「計上しない」と表示されているが、外部設計と正しいか
鋼製支保有無(全選択肢網羅)
・「あり」と表示されているが、外部設計と正しいか
ダンプトラックによるずり運搬の計上区分(全選択肢網羅)
・「計上しない」と表示されているが、外部設計と正しいか
集塵機の計上区分(全選択肢網羅)
・「計上しない」と表示されているが、外部設計と正しいか","・岩区分 の規格名計上が意図通りの場所に正しく計上されているか
・設計掘削断面積 の規格名計上が意図通りの場所に正しく計上されているか
・切羽監視責任者の有無 の規格名計上が意図通りの場所に正しく計上されているか
・鏡吹付工施工の有無 の規格名計上が意図通りの場所に正しく計上されているか"
TC-129,新規歩掛,DⅡ,断面積40m2,無,無,排ガス未対策型(旧),-,排ガス対策型(第1次基準値),排ガス対策型(第1次基準値),計上する,なし,計上する,計上する,○,○,○,○,○,○,○,○,○,○,○,○,○,○,"岩区分(全選択肢網羅)
・「DⅡ」と表示されているが、外部設計と正しいか
設計掘削断面積(全選択肢網羅)
・「断面積40m2」と表示されているが、外部設計と正しいか
切羽監視責任者の有無(全選択肢網羅)
・「無」と表示されているが、外部設計と正しいか
鏡吹付工施工の有無(全選択肢網羅)
・「無」と表示されているが、外部設計と正しいか
(ドリルジャンボ)排ガス機械の選択(全選択肢網羅)
・「排ガス未対策型(旧)」と表示されているが、外部設計と正しいか
(大型ブレーカ)排ガス機械の選択(全選択肢網羅)
・「排ガス対策型(第1次基準値)」と表示されているが、外部設計と正しいか
(ホイールローダ)排ガス機械の選択(全選択肢網羅)
・「排ガス対策型(第1次基準値)」と表示されているが、外部設計と正しいか
ロックボルトの計上区分(全選択肢網羅)
・「計上する」と表示されているが、外部設計と正しいか
鋼製支保有無(全選択肢網羅)
・「なし」と表示されているが、外部設計と正しいか
ダンプトラックによるずり運搬の計上区分(全選択肢網羅)
・「計上する」と表示されているが、外部設計と正しいか
集塵機の計上区分(全選択肢網羅)
・「計上する」と表示されているが、外部設計と正しいか","・岩区分 の規格名計上が意図通りの場所に正しく計上されているか
・設計掘削断面積 の規格名計上が意図通りの場所に正しく計上されているか
・切羽監視責任者の有無 の規格名計上が意図通りの場所に正しく計上されているか
・鏡吹付工施工の有無 の規格名計上が意図通りの場所に正しく計上されているか"
TC-130,新規歩掛,DⅡ,断面積40m2,無,無,排ガス未対策型(旧),-,排ガス対策型(第1次基準値),排ガス対策型(第1次基準値),計上する,なし,計上する,計上しない,○,○,○,○,○,○,○,○,○,○,○,○,○,○,"岩区分(全選択肢網羅)
・「DⅡ」と表示されているが、外部設計と正しいか
設計掘削断面積(全選択肢網羅)
・「断面積40m2」と表示されているが、外部設計と正しいか
切羽監視責任者の有無(全選択肢網羅)
・「無」と表示されているが、外部設計と正しいか
鏡吹付工施工の有無(全選択肢網羅)
・「無」と表示されているが、外部設計と正しいか
(ドリルジャンボ)排ガス機械の選択(全選択肢網羅)
・「排ガス未対策型(旧)」と表示されているが、外部設計と正しいか
(大型ブレーカ)排ガス機械の選択(全選択肢網羅)
・「排ガス対策型(第1次基準値)」と表示されているが、外部設計と正しいか
(ホイールローダ)排ガス機械の選択(全選択肢網羅)
・「排ガス対策型(第1次基準値)」と表示されているが、外部設計と正しいか
ロックボルトの計上区分(全選択肢網羅)
・「計上する」と表示されているが、外部設計と正しいか
鋼製支保有無(全選択肢網羅)
・「なし」と表示されているが、外部設計と正しいか
ダンプトラックによるずり運搬の計上区分(全選択肢網羅)
・「計上する」と表示されているが、外部設計と正しいか
集塵機の計上区分(全選択肢網羅)
・「計上しない」と表示されているが、外部設計と正しいか","・岩区分 の規格名計上が意図通りの場所に正しく計上されているか
・設計掘削断面積 の規格名計上が意図通りの場所に正しく計上されているか
・切羽監視責任者の有無 の規格名計上が意図通りの場所に正しく計上されているか
・鏡吹付工施工の有無 の規格名計上が意図通りの場所に正しく計上されているか"
TC-131,新規歩掛,DⅡ,断面積40m2,無,無,排ガス未対策型(旧),-,排ガス対策型(第1次基準値),排ガス対策型(第1次基準値),計上する,なし,計上しない,計上する,○,○,○,○,○,○,○,○,○,○,○,○,○,,"岩区分(全選択肢網羅)
・「DⅡ」と表示されているが、外部設計と正しいか
設計掘削断面積(全選択肢網羅)
・「断面積40m2」と表示されているが、外部設計と正しいか
切羽監視責任者の有無(全選択肢網羅)
・「無」と表示されているが、外部設計と正しいか
鏡吹付工施工の有無(全選択肢網羅)
・「無」と表示されているが、外部設計と正しいか
(ドリルジャンボ)排ガス機械の選択(全選択肢網羅)
・「排ガス未対策型(旧)」と表示されているが、外部設計と正しいか
(大型ブレーカ)排ガス機械の選択(全選択肢網羅)
・「排ガス対策型(第1次基準値)」と表示されているが、外部設計と正しいか
(ホイールローダ)排ガス機械の選択(全選択肢網羅)
・「排ガス対策型(第1次基準値)」と表示されているが、外部設計と正しいか
ロックボルトの計上区分(全選択肢網羅)
・「計上する」と表示されているが、外部設計と正しいか
鋼製支保有無(全選択肢網羅)
・「なし」と表示されているが、外部設計と正しいか
ダンプトラックによるずり運搬の計上区分(全選択肢網羅)
・「計上しない」と表示されているが、外部設計と正しいか
集塵機の計上区分(全選択肢網羅)
・「計上する」と表示されているが、外部設計と正しいか","・岩区分 の規格名計上が意図通りの場所に正しく計上されているか
・設計掘削断面積 の規格名計上が意図通りの場所に正しく計上されているか
・切羽監視責任者の有無 の規格名計上が意図通りの場所に正しく計上されているか
・鏡吹付工施工の有無 の規格名計上が意図通りの場所に正しく計上されているか"
TC-132,新規歩掛,DⅡ,断面積40m2,無,無,排ガス未対策型(旧),-,排ガス対策型(第1次基準値),排ガス対策型(第1次基準値),計上する,なし,計上しない,計上しない,○,○,○,○,○,○,○,○,○,○,○,○,○,,"岩区分(全選択肢網羅)
・「DⅡ」と表示されているが、外部設計と正しいか
設計掘削断面積(全選択肢網羅)
・「断面積40m2」と表示されているが、外部設計と正しいか
切羽監視責任者の有無(全選択肢網羅)
・「無」と表示されているが、外部設計と正しいか
鏡吹付工施工の有無(全選択肢網羅)
・「無」と表示されているが、外部設計と正しいか
(ドリルジャンボ)排ガス機械の選択(全選択肢網羅)
・「排ガス未対策型(旧)」と表示されているが、外部設計と正しいか
(大型ブレーカ)排ガス機械の選択(全選択肢網羅)
・「排ガス対策型(第1次基準値)」と表示されているが、外部設計と正しいか
(ホイールローダ)排ガス機械の選択(全選択肢網羅)
・「排ガス対策型(第1次基準値)」と表示されているが、外部設計と正しいか
ロックボルトの計上区分(全選択肢網羅)
・「計上する」と表示されているが、外部設計と正しいか
鋼製支保有無(全選択肢網羅)
・「なし」と表示されているが、外部設計と正しいか
ダンプトラックによるずり運搬の計上区分(全選択肢網羅)
・「計上しない」と表示されているが、外部設計と正しいか
集塵機の計上区分(全選択肢網羅)
・「計上しない」と表示されているが、外部設計と正しいか","・岩区分 の規格名計上が意図通りの場所に正しく計上されているか
・設計掘削断面積 の規格名計上が意図通りの場所に正しく計上されているか
・切羽監視責任者の有無 の規格名計上が意図通りの場所に正しく計上されているか
・鏡吹付工施工の有無 の規格名計上が意図通りの場所に正しく計上されているか"
TC-133,新規歩掛,DⅡ,断面積40m2,無,無,排ガス未対策型(旧),-,排ガス対策型(第1次基準値),排ガス対策型(第1次基準値),計上する,あり,計上する,計上する,○,○,○,○,○,○,○,○,○,○,○,○,○,○,"岩区分(全選択肢網羅)
・「DⅡ」と表示されているが、外部設計と正しいか
設計掘削断面積(全選択肢網羅)
・「断面積40m2」と表示されているが、外部設計と正しいか
切羽監視責任者の有無(全選択肢網羅)
・「無」と表示されているが、外部設計と正しいか
鏡吹付工施工の有無(全選択肢網羅)
・「無」と表示されているが、外部設計と正しいか
(ドリルジャンボ)排ガス機械の選択(全選択肢網羅)
・「排ガス未対策型(旧)」と表示されているが、外部設計と正しいか
(大型ブレーカ)排ガス機械の選択(全選択肢網羅)
・「排ガス対策型(第1次基準値)」と表示されているが、外部設計と正しいか
(ホイールローダ)排ガス機械の選択(全選択肢網羅)
・「排ガス対策型(第1次基準値)」と表示されているが、外部設計と正しいか
ロックボルトの計上区分(全選択肢網羅)
・「計上する」と表示されているが、外部設計と正しいか
鋼製支保有無(全選択肢網羅)
・「あり」と表示されているが、外部設計と正しいか
ダンプトラックによるずり運搬の計上区分(全選択肢網羅)
・「計上する」と表示されているが、外部設計と正しいか
集塵機の計上区分(全選択肢網羅)
・「計上する」と表示されているが、外部設計と正しいか","・岩区分 の規格名計上が意図通りの場所に正しく計上されているか
・設計掘削断面積 の規格名計上が意図通りの場所に正しく計上されているか
・切羽監視責任者の有無 の規格名計上が意図通りの場所に正しく計上されているか
・鏡吹付工施工の有無 の規格名計上が意図通りの場所に正しく計上されているか"
TC-134,新規歩掛,DⅡ,断面積40m2,無,無,排ガス未対策型(旧),-,排ガス対策型(第1次基準値),排ガス対策型(第1次基準値),計上する,あり,計上する,計上しない,○,○,○,○,○,○,○,○,○,○,○,○,○,○,"岩区分(全選択肢網羅)
・「DⅡ」と表示されているが、外部設計と正しいか
設計掘削断面積(全選択肢網羅)
・「断面積40m2」と表示されているが、外部設計と正しいか
切羽監視責任者の有無(全選択肢網羅)
・「無」と表示されているが、外部設計と正しいか
鏡吹付工施工の有無(全選択肢網羅)
・「無」と表示されているが、外部設計と正しいか
(ドリルジャンボ)排ガス機械の選択(全選択肢網羅)
・「排ガス未対策型(旧)」と表示されているが、外部設計と正しいか
(大型ブレーカ)排ガス機械の選択(全選択肢網羅)
・「排ガス対策型(第1次基準値)」と表示されているが、外部設計と正しいか
(ホイールローダ)排ガス機械の選択(全選択肢網羅)
・「排ガス対策型(第1次基準値)」と表示されているが、外部設計と正しいか
ロックボルトの計上区分(全選択肢網羅)
・「計上する」と表示されているが、外部設計と正しいか
鋼製支保有無(全選択肢網羅)
・「あり」と表示されているが、外部設計と正しいか
ダンプトラックによるずり運搬の計上区分(全選択肢網羅)
・「計上する」と表示されているが、外部設計と正しいか
集塵機の計上区分(全選択肢網羅)
・「計上しない」と表示されているが、外部設計と正しいか","・岩区分 の規格名計上が意図通りの場所に正しく計上されているか
・設計掘削断面積 の規格名計上が意図通りの場所に正しく計上されているか
・切羽監視責任者の有無 の規格名計上が意図通りの場所に正しく計上されているか
・鏡吹付工施工の有無 の規格名計上が意図通りの場所に正しく計上されているか"
TC-135,新規歩掛,DⅡ,断面積40m2,無,無,排ガス未対策型(旧),-,排ガス対策型(第1次基準値),排ガス対策型(第1次基準値),計上する,あり,計上しない,計上する,○,○,○,○,○,○,○,○,○,○,○,○,○,,"岩区分(全選択肢網羅)
・「DⅡ」と表示されているが、外部設計と正しいか
設計掘削断面積(全選択肢網羅)
・「断面積40m2」と表示されているが、外部設計と正しいか
切羽監視責任者の有無(全選択肢網羅)
・「無」と表示されているが、外部設計と正しいか
鏡吹付工施工の有無(全選択肢網羅)
・「無」と表示されているが、外部設計と正しいか
(ドリルジャンボ)排ガス機械の選択(全選択肢網羅)
・「排ガス未対策型(旧)」と表示されているが、外部設計と正しいか
(大型ブレーカ)排ガス機械の選択(全選択肢網羅)
・「排ガス対策型(第1次基準値)」と表示されているが、外部設計と正しいか
(ホイールローダ)排ガス機械の選択(全選択肢網羅)
・「排ガス対策型(第1次基準値)」と表示されているが、外部設計と正しいか
ロックボルトの計上区分(全選択肢網羅)
・「計上する」と表示されているが、外部設計と正しいか
鋼製支保有無(全選択肢網羅)
・「あり」と表示されているが、外部設計と正しいか
ダンプトラックによるずり運搬の計上区分(全選択肢網羅)
・「計上しない」と表示されているが、外部設計と正しいか
集塵機の計上区分(全選択肢網羅)
・「計上する」と表示されているが、外部設計と正しいか","・岩区分 の規格名計上が意図通りの場所に正しく計上されているか
・設計掘削断面積 の規格名計上が意図通りの場所に正しく計上されているか
・切羽監視責任者の有無 の規格名計上が意図通りの場所に正しく計上されているか
・鏡吹付工施工の有無 の規格名計上が意図通りの場所に正しく計上されているか"
TC-136,新規歩掛,DⅡ,断面積40m2,無,無,排ガス未対策型(旧),-,排ガス対策型(第1次基準値),排ガス対策型(第1次基準値),計上する,あり,計上しない,計上しない,○,○,○,○,○,○,○,○,○,○,○,○,○,,"岩区分(全選択肢網羅)
・「DⅡ」と表示されているが、外部設計と正しいか
設計掘削断面積(全選択肢網羅)
・「断面積40m2」と表示されているが、外部設計と正しいか
切羽監視責任者の有無(全選択肢網羅)
・「無」と表示されているが、外部設計と正しいか
鏡吹付工施工の有無(全選択肢網羅)
・「無」と表示されているが、外部設計と正しいか
(ドリルジャンボ)排ガス機械の選択(全選択肢網羅)
・「排ガス未対策型(旧)」と表示されているが、外部設計と正しいか
(大型ブレーカ)排ガス機械の選択(全選択肢網羅)
・「排ガス対策型(第1次基準値)」と表示されているが、外部設計と正しいか
(ホイールローダ)排ガス機械の選択(全選択肢網羅)
・「排ガス対策型(第1次基準値)」と表示されているが、外部設計と正しいか
ロックボルトの計上区分(全選択肢網羅)
・「計上する」と表示されているが、外部設計と正しいか
鋼製支保有無(全選択肢網羅)
・「あり」と表示されているが、外部設計と正しいか
ダンプトラックによるずり運搬の計上区分(全選択肢網羅)
・「計上しない」と表示されているが、外部設計と正しいか
集塵機の計上区分(全選択肢網羅)
・「計上しない」と表示されているが、外部設計と正しいか","・岩区分 の規格名計上が意図通りの場所に正しく計上されているか
・設計掘削断面積 の規格名計上が意図通りの場所に正しく計上されているか
・切羽監視責任者の有無 の規格名計上が意図通りの場所に正しく計上されているか
・鏡吹付工施工の有無 の規格名計上が意図通りの場所に正しく計上されているか"
TC-137,新規歩掛,DⅡ,断面積40m2,無,無,排ガス未対策型(旧),-,排ガス対策型(第1次基準値),排ガス対策型(第1次基準値),計上しない,なし,計上する,計上する,,○,○,○,○,○,○,○,○,○,○,○,○,○,"岩区分(全選択肢網羅)
・「DⅡ」と表示されているが、外部設計と正しいか
設計掘削断面積(全選択肢網羅)
・「断面積40m2」と表示されているが、外部設計と正しいか
切羽監視責任者の有無(全選択肢網羅)
・「無」と表示されているが、外部設計と正しいか
鏡吹付工施工の有無(全選択肢網羅)
・「無」と表示されているが、外部設計と正しいか
(ドリルジャンボ)排ガス機械の選択(全選択肢網羅)
・「排ガス未対策型(旧)」と表示されているが、外部設計と正しいか
(大型ブレーカ)排ガス機械の選択(全選択肢網羅)
・「排ガス対策型(第1次基準値)」と表示されているが、外部設計と正しいか
(ホイールローダ)排ガス機械の選択(全選択肢網羅)
・「排ガス対策型(第1次基準値)」と表示されているが、外部設計と正しいか
ロックボルトの計上区分(全選択肢網羅)
・「計上しない」と表示されているが、外部設計と正しいか
鋼製支保有無(全選択肢網羅)
・「なし」と表示されているが、外部設計と正しいか
ダンプトラックによるずり運搬の計上区分(全選択肢網羅)
・「計上する」と表示されているが、外部設計と正しいか
集塵機の計上区分(全選択肢網羅)
・「計上する」と表示されているが、外部設計と正しいか","・岩区分 の規格名計上が意図通りの場所に正しく計上されているか
・設計掘削断面積 の規格名計上が意図通りの場所に正しく計上されているか
・切羽監視責任者の有無 の規格名計上が意図通りの場所に正しく計上されているか
・鏡吹付工施工の有無 の規格名計上が意図通りの場所に正しく計上されているか"
TC-138,新規歩掛,DⅡ,断面積40m2,無,無,排ガス未対策型(旧),-,排ガス対策型(第1次基準値),排ガス対策型(第1次基準値),計上しない,なし,計上する,計上しない,,○,○,○,○,○,○,○,○,○,○,○,○,○,"岩区分(全選択肢網羅)
・「DⅡ」と表示されているが、外部設計と正しいか
設計掘削断面積(全選択肢網羅)
・「断面積40m2」と表示されているが、外部設計と正しいか
切羽監視責任者の有無(全選択肢網羅)
・「無」と表示されているが、外部設計と正しいか
鏡吹付工施工の有無(全選択肢網羅)
・「無」と表示されているが、外部設計と正しいか
(ドリルジャンボ)排ガス機械の選択(全選択肢網羅)
・「排ガス未対策型(旧)」と表示されているが、外部設計と正しいか
(大型ブレーカ)排ガス機械の選択(全選択肢網羅)
・「排ガス対策型(第1次基準値)」と表示されているが、外部設計と正しいか
(ホイールローダ)排ガス機械の選択(全選択肢網羅)
・「排ガス対策型(第1次基準値)」と表示されているが、外部設計と正しいか
ロックボルトの計上区分(全選択肢網羅)
・「計上しない」と表示されているが、外部設計と正しいか
鋼製支保有無(全選択肢網羅)
・「なし」と表示されているが、外部設計と正しいか
ダンプトラックによるずり運搬の計上区分(全選択肢網羅)
・「計上する」と表示されているが、外部設計と正しいか
集塵機の計上区分(全選択肢網羅)
・「計上しない」と表示されているが、外部設計と正しいか","・岩区分 の規格名計上が意図通りの場所に正しく計上されているか
・設計掘削断面積 の規格名計上が意図通りの場所に正しく計上されているか
・切羽監視責任者の有無 の規格名計上が意図通りの場所に正しく計上されているか
・鏡吹付工施工の有無 の規格名計上が意図通りの場所に正しく計上されているか"
TC-139,新規歩掛,DⅡ,断面積40m2,無,無,排ガス未対策型(旧),-,排ガス対策型(第1次基準値),排ガス対策型(第1次基準値),計上しない,なし,計上しない,計上する,,○,○,○,○,○,○,○,○,○,○,○,○,,"岩区分(全選択肢網羅)
・「DⅡ」と表示されているが、外部設計と正しいか
設計掘削断面積(全選択肢網羅)
・「断面積40m2」と表示されているが、外部設計と正しいか
切羽監視責任者の有無(全選択肢網羅)
・「無」と表示されているが、外部設計と正しいか
鏡吹付工施工の有無(全選択肢網羅)
・「無」と表示されているが、外部設計と正しいか
(ドリルジャンボ)排ガス機械の選択(全選択肢網羅)
・「排ガス未対策型(旧)」と表示されているが、外部設計と正しいか
(大型ブレーカ)排ガス機械の選択(全選択肢網羅)
・「排ガス対策型(第1次基準値)」と表示されているが、外部設計と正しいか
(ホイールローダ)排ガス機械の選択(全選択肢網羅)
・「排ガス対策型(第1次基準値)」と表示されているが、外部設計と正しいか
ロックボルトの計上区分(全選択肢網羅)
・「計上しない」と表示されているが、外部設計と正しいか
鋼製支保有無(全選択肢網羅)
・「なし」と表示されているが、外部設計と正しいか
ダンプトラックによるずり運搬の計上区分(全選択肢網羅)
・「計上しない」と表示されているが、外部設計と正しいか
集塵機の計上区分(全選択肢網羅)
・「計上する」と表示されているが、外部設計と正しいか","・岩区分 の規格名計上が意図通りの場所に正しく計上されているか
・設計掘削断面積 の規格名計上が意図通りの場所に正しく計上されているか
・切羽監視責任者の有無 の規格名計上が意図通りの場所に正しく計上されているか
・鏡吹付工施工の有無 の規格名計上が意図通りの場所に正しく計上されているか"
TC-140,新規歩掛,DⅡ,断面積40m2,無,無,排ガス未対策型(旧),-,排ガス対策型(第1次基準値),排ガス対策型(第1次基準値),計上しない,なし,計上しない,計上しない,,○,○,○,○,○,○,○,○,○,○,○,○,,"岩区分(全選択肢網羅)
・「DⅡ」と表示されているが、外部設計と正しいか
設計掘削断面積(全選択肢網羅)
・「断面積40m2」と表示されているが、外部設計と正しいか
切羽監視責任者の有無(全選択肢網羅)
・「無」と表示されているが、外部設計と正しいか
鏡吹付工施工の有無(全選択肢網羅)
・「無」と表示されているが、外部設計と正しいか
(ドリルジャンボ)排ガス機械の選択(全選択肢網羅)
・「排ガス未対策型(旧)」と表示されているが、外部設計と正しいか
(大型ブレーカ)排ガス機械の選択(全選択肢網羅)
・「排ガス対策型(第1次基準値)」と表示されているが、外部設計と正しいか
(ホイールローダ)排ガス機械の選択(全選択肢網羅)
・「排ガス対策型(第1次基準値)」と表示されているが、外部設計と正しいか
ロックボルトの計上区分(全選択肢網羅)
・「計上しない」と表示されているが、外部設計と正しいか
鋼製支保有無(全選択肢網羅)
・「なし」と表示されているが、外部設計と正しいか
ダンプトラックによるずり運搬の計上区分(全選択肢網羅)
・「計上しない」と表示されているが、外部設計と正しいか
集塵機の計上区分(全選択肢網羅)
・「計上しない」と表示されているが、外部設計と正しいか","・岩区分 の規格名計上が意図通りの場所に正しく計上されているか
・設計掘削断面積 の規格名計上が意図通りの場所に正しく計上されているか
・切羽監視責任者の有無 の規格名計上が意図通りの場所に正しく計上されているか
・鏡吹付工施工の有無 の規格名計上が意図通りの場所に正しく計上されているか"
TC-141,新規歩掛,DⅡ,断面積40m2,無,無,排ガス未対策型(旧),-,排ガス対策型(第1次基準値),排ガス対策型(第1次基準値),計上しない,あり,計上する,計上する,,○,○,○,○,○,○,○,○,○,○,○,○,○,"岩区分(全選択肢網羅)
・「DⅡ」と表示されているが、外部設計と正しいか
設計掘削断面積(全選択肢網羅)
・「断面積40m2」と表示されているが、外部設計と正しいか
切羽監視責任者の有無(全選択肢網羅)
・「無」と表示されているが、外部設計と正しいか
鏡吹付工施工の有無(全選択肢網羅)
・「無」と表示されているが、外部設計と正しいか
(ドリルジャンボ)排ガス機械の選択(全選択肢網羅)
・「排ガス未対策型(旧)」と表示されているが、外部設計と正しいか
(大型ブレーカ)排ガス機械の選択(全選択肢網羅)
・「排ガス対策型(第1次基準値)」と表示されているが、外部設計と正しいか
(ホイールローダ)排ガス機械の選択(全選択肢網羅)
・「排ガス対策型(第1次基準値)」と表示されているが、外部設計と正しいか
ロックボルトの計上区分(全選択肢網羅)
・「計上しない」と表示されているが、外部設計と正しいか
鋼製支保有無(全選択肢網羅)
・「あり」と表示されているが、外部設計と正しいか
ダンプトラックによるずり運搬の計上区分(全選択肢網羅)
・「計上する」と表示されているが、外部設計と正しいか
集塵機の計上区分(全選択肢網羅)
・「計上する」と表示されているが、外部設計と正しいか","・岩区分 の規格名計上が意図通りの場所に正しく計上されているか
・設計掘削断面積 の規格名計上が意図通りの場所に正しく計上されているか
・切羽監視責任者の有無 の規格名計上が意図通りの場所に正しく計上されているか
・鏡吹付工施工の有無 の規格名計上が意図通りの場所に正しく計上されているか"
TC-142,新規歩掛,DⅡ,断面積40m2,無,無,排ガス未対策型(旧),-,排ガス対策型(第1次基準値),排ガス対策型(第1次基準値),計上しない,あり,計上する,計上しない,,○,○,○,○,○,○,○,○,○,○,○,○,○,"岩区分(全選択肢網羅)
・「DⅡ」と表示されているが、外部設計と正しいか
設計掘削断面積(全選択肢網羅)
・「断面積40m2」と表示されているが、外部設計と正しいか
切羽監視責任者の有無(全選択肢網羅)
・「無」と表示されているが、外部設計と正しいか
鏡吹付工施工の有無(全選択肢網羅)
・「無」と表示されているが、外部設計と正しいか
(ドリルジャンボ)排ガス機械の選択(全選択肢網羅)
・「排ガス未対策型(旧)」と表示されているが、外部設計と正しいか
(大型ブレーカ)排ガス機械の選択(全選択肢網羅)
・「排ガス対策型(第1次基準値)」と表示されているが、外部設計と正しいか
(ホイールローダ)排ガス機械の選択(全選択肢網羅)
・「排ガス対策型(第1次基準値)」と表示されているが、外部設計と正しいか
ロックボルトの計上区分(全選択肢網羅)
・「計上しない」と表示されているが、外部設計と正しいか
鋼製支保有無(全選択肢網羅)
・「あり」と表示されているが、外部設計と正しいか
ダンプトラックによるずり運搬の計上区分(全選択肢網羅)
・「計上する」と表示されているが、外部設計と正しいか
集塵機の計上区分(全選択肢網羅)
・「計上しない」と表示されているが、外部設計と正しいか","・岩区分 の規格名計上が意図通りの場所に正しく計上されているか
・設計掘削断面積 の規格名計上が意図通りの場所に正しく計上されているか
・切羽監視責任者の有無 の規格名計上が意図通りの場所に正しく計上されているか
・鏡吹付工施工の有無 の規格名計上が意図通りの場所に正しく計上されているか"
TC-143,新規歩掛,DⅡ,断面積40m2,無,無,排ガス未対策型(旧),-,排ガス対策型(第1次基準値),排ガス対策型(第1次基準値),計上しない,あり,計上しない,計上する,,○,○,○,○,○,○,○,○,○,○,○,○,,"岩区分(全選択肢網羅)
・「DⅡ」と表示されているが、外部設計と正しいか
設計掘削断面積(全選択肢網羅)
・「断面積40m2」と表示されているが、外部設計と正しいか
切羽監視責任者の有無(全選択肢網羅)
・「無」と表示されているが、外部設計と正しいか
鏡吹付工施工の有無(全選択肢網羅)
・「無」と表示されているが、外部設計と正しいか
(ドリルジャンボ)排ガス機械の選択(全選択肢網羅)
・「排ガス未対策型(旧)」と表示されているが、外部設計と正しいか
(大型ブレーカ)排ガス機械の選択(全選択肢網羅)
・「排ガス対策型(第1次基準値)」と表示されているが、外部設計と正しいか
(ホイールローダ)排ガス機械の選択(全選択肢網羅)
・「排ガス対策型(第1次基準値)」と表示されているが、外部設計と正しいか
ロックボルトの計上区分(全選択肢網羅)
・「計上しない」と表示されているが、外部設計と正しいか
鋼製支保有無(全選択肢網羅)
・「あり」と表示されているが、外部設計と正しいか
ダンプトラックによるずり運搬の計上区分(全選択肢網羅)
・「計上しない」と表示されているが、外部設計と正しいか
集塵機の計上区分(全選択肢網羅)
・「計上する」と表示されているが、外部設計と正しいか","・岩区分 の規格名計上が意図通りの場所に正しく計上されているか
・設計掘削断面積 の規格名計上が意図通りの場所に正しく計上されているか
・切羽監視責任者の有無 の規格名計上が意図通りの場所に正しく計上されているか
・鏡吹付工施工の有無 の規格名計上が意図通りの場所に正しく計上されているか"
TC-144,新規歩掛,DⅡ,断面積40m2,無,無,排ガス未対策型(旧),-,排ガス対策型(第1次基準値),排ガス対策型(第1次基準値),計上しない,あり,計上しない,計上しない,,○,○,○,○,○,○,○,○,○,○,○,○,,"岩区分(全選択肢網羅)
・「DⅡ」と表示されているが、外部設計と正しいか
設計掘削断面積(全選択肢網羅)
・「断面積40m2」と表示されているが、外部設計と正しいか
切羽監視責任者の有無(全選択肢網羅)
・「無」と表示されているが、外部設計と正しいか
鏡吹付工施工の有無(全選択肢網羅)
・「無」と表示されているが、外部設計と正しいか
(ドリルジャンボ)排ガス機械の選択(全選択肢網羅)
・「排ガス未対策型(旧)」と表示されているが、外部設計と正しいか
(大型ブレーカ)排ガス機械の選択(全選択肢網羅)
・「排ガス対策型(第1次基準値)」と表示されているが、外部設計と正しいか
(ホイールローダ)排ガス機械の選択(全選択肢網羅)
・「排ガス対策型(第1次基準値)」と表示されているが、外部設計と正しいか
ロックボルトの計上区分(全選択肢網羅)
・「計上しない」と表示されているが、外部設計と正しいか
鋼製支保有無(全選択肢網羅)
・「あり」と表示されているが、外部設計と正しいか
ダンプトラックによるずり運搬の計上区分(全選択肢網羅)
・「計上しない」と表示されているが、外部設計と正しいか
集塵機の計上区分(全選択肢網羅)
・「計上しない」と表示されているが、外部設計と正しいか","・岩区分 の規格名計上が意図通りの場所に正しく計上されているか
・設計掘削断面積 の規格名計上が意図通りの場所に正しく計上されているか
・切羽監視責任者の有無 の規格名計上が意図通りの場所に正しく計上されているか
・鏡吹付工施工の有無 の規格名計上が意図通りの場所に正しく計上されているか"
TC-145,新規歩掛,DⅡ,断面積40m2,無,無,排ガス対策型(第1次基準値),2ブーム・ドリフタ150kg級 1バスケット,排ガス対策型(第1次基準値),排ガス対策型(第1次基準値),計上する,なし,計上する,計上する,○,○,○,○,○,○,○,○,○,○,○,○,○,○,"岩区分(全選択肢網羅)
・「DⅡ」と表示されているが、外部設計と正しいか
設計掘削断面積(全選択肢網羅)
・「断面積40m2」と表示されているが、外部設計と正しいか
切羽監視責任者の有無(全選択肢網羅)
・「無」と表示されているが、外部設計と正しいか
鏡吹付工施工の有無(全選択肢網羅)
・「無」と表示されているが、外部設計と正しいか
(ドリルジャンボ)排ガス機械の選択(全選択肢網羅)
・「排ガス対策型(第1次基準値)」と表示されているが、外部設計と正しいか
(大型ブレーカ)排ガス機械の選択(全選択肢網羅)
・「排ガス対策型(第1次基準値)」と表示されているが、外部設計と正しいか
(ホイールローダ)排ガス機械の選択(全選択肢網羅)
・「排ガス対策型(第1次基準値)」と表示されているが、外部設計と正しいか
ロックボルトの計上区分(全選択肢網羅)
・「計上する」と表示されているが、外部設計と正しいか
鋼製支保有無(全選択肢網羅)
・「なし」と表示されているが、外部設計と正しいか
ダンプトラックによるずり運搬の計上区分(全選択肢網羅)
・「計上する」と表示されているが、外部設計と正しいか
集塵機の計上区分(全選択肢網羅)
・「計上する」と表示されているが、外部設計と正しいか","・岩区分 の規格名計上が意図通りの場所に正しく計上されているか
・設計掘削断面積 の規格名計上が意図通りの場所に正しく計上されているか
・切羽監視責任者の有無 の規格名計上が意図通りの場所に正しく計上されているか
・鏡吹付工施工の有無 の規格名計上が意図通りの場所に正しく計上されているか"
TC-146,新規歩掛,DⅡ,断面積40m2,無,無,排ガス対策型(第1次基準値),2ブーム・ドリフタ150kg級 1バスケット,排ガス対策型(第1次基準値),排ガス対策型(第1次基準値),計上する,なし,計上する,計上しない,○,○,○,○,○,○,○,○,○,○,○,○,○,○,"岩区分(全選択肢網羅)
・「DⅡ」と表示されているが、外部設計と正しいか
設計掘削断面積(全選択肢網羅)
・「断面積40m2」と表示されているが、外部設計と正しいか
切羽監視責任者の有無(全選択肢網羅)
・「無」と表示されているが、外部設計と正しいか
鏡吹付工施工の有無(全選択肢網羅)
・「無」と表示されているが、外部設計と正しいか
(ドリルジャンボ)排ガス機械の選択(全選択肢網羅)
・「排ガス対策型(第1次基準値)」と表示されているが、外部設計と正しいか
(大型ブレーカ)排ガス機械の選択(全選択肢網羅)
・「排ガス対策型(第1次基準値)」と表示されているが、外部設計と正しいか
(ホイールローダ)排ガス機械の選択(全選択肢網羅)
・「排ガス対策型(第1次基準値)」と表示されているが、外部設計と正しいか
ロックボルトの計上区分(全選択肢網羅)
・「計上する」と表示されているが、外部設計と正しいか
鋼製支保有無(全選択肢網羅)
・「なし」と表示されているが、外部設計と正しいか
ダンプトラックによるずり運搬の計上区分(全選択肢網羅)
・「計上する」と表示されているが、外部設計と正しいか
集塵機の計上区分(全選択肢網羅)
・「計上しない」と表示されているが、外部設計と正しいか","・岩区分 の規格名計上が意図通りの場所に正しく計上されているか
・設計掘削断面積 の規格名計上が意図通りの場所に正しく計上されているか
・切羽監視責任者の有無 の規格名計上が意図通りの場所に正しく計上されているか
・鏡吹付工施工の有無 の規格名計上が意図通りの場所に正しく計上されているか"
TC-147,新規歩掛,DⅡ,断面積40m2,無,無,排ガス対策型(第1次基準値),2ブーム・ドリフタ150kg級 1バスケット,排ガス対策型(第1次基準値),排ガス対策型(第1次基準値),計上する,なし,計上しない,計上する,○,○,○,○,○,○,○,○,○,○,○,○,○,,"岩区分(全選択肢網羅)
・「DⅡ」と表示されているが、外部設計と正しいか
設計掘削断面積(全選択肢網羅)
・「断面積40m2」と表示されているが、外部設計と正しいか
切羽監視責任者の有無(全選択肢網羅)
・「無」と表示されているが、外部設計と正しいか
鏡吹付工施工の有無(全選択肢網羅)
・「無」と表示されているが、外部設計と正しいか
(ドリルジャンボ)排ガス機械の選択(全選択肢網羅)
・「排ガス対策型(第1次基準値)」と表示されているが、外部設計と正しいか
(大型ブレーカ)排ガス機械の選択(全選択肢網羅)
・「排ガス対策型(第1次基準値)」と表示されているが、外部設計と正しいか
(ホイールローダ)排ガス機械の選択(全選択肢網羅)
・「排ガス対策型(第1次基準値)」と表示されているが、外部設計と正しいか
ロックボルトの計上区分(全選択肢網羅)
・「計上する」と表示されているが、外部設計と正しいか
鋼製支保有無(全選択肢網羅)
・「なし」と表示されているが、外部設計と正しいか
ダンプトラックによるずり運搬の計上区分(全選択肢網羅)
・「計上しない」と表示されているが、外部設計と正しいか
集塵機の計上区分(全選択肢網羅)
・「計上する」と表示されているが、外部設計と正しいか","・岩区分 の規格名計上が意図通りの場所に正しく計上されているか
・設計掘削断面積 の規格名計上が意図通りの場所に正しく計上されているか
・切羽監視責任者の有無 の規格名計上が意図通りの場所に正しく計上されているか
・鏡吹付工施工の有無 の規格名計上が意図通りの場所に正しく計上されているか"
TC-148,新規歩掛,DⅡ,断面積40m2,無,無,排ガス対策型(第1次基準値),2ブーム・ドリフタ150kg級 1バスケット,排ガス対策型(第1次基準値),排ガス対策型(第1次基準値),計上する,なし,計上しない,計上しない,○,○,○,○,○,○,○,○,○,○,○,○,○,,"岩区分(全選択肢網羅)
・「DⅡ」と表示されているが、外部設計と正しいか
設計掘削断面積(全選択肢網羅)
・「断面積40m2」と表示されているが、外部設計と正しいか
切羽監視責任者の有無(全選択肢網羅)
・「無」と表示されているが、外部設計と正しいか
鏡吹付工施工の有無(全選択肢網羅)
・「無」と表示されているが、外部設計と正しいか
(ドリルジャンボ)排ガス機械の選択(全選択肢網羅)
・「排ガス対策型(第1次基準値)」と表示されているが、外部設計と正しいか
(大型ブレーカ)排ガス機械の選択(全選択肢網羅)
・「排ガス対策型(第1次基準値)」と表示されているが、外部設計と正しいか
(ホイールローダ)排ガス機械の選択(全選択肢網羅)
・「排ガス対策型(第1次基準値)」と表示されているが、外部設計と正しいか
ロックボルトの計上区分(全選択肢網羅)
・「計上する」と表示されているが、外部設計と正しいか
鋼製支保有無(全選択肢網羅)
・「なし」と表示されているが、外部設計と正しいか
ダンプトラックによるずり運搬の計上区分(全選択肢網羅)
・「計上しない」と表示されているが、外部設計と正しいか
集塵機の計上区分(全選択肢網羅)
・「計上しない」と表示されているが、外部設計と正しいか","・岩区分 の規格名計上が意図通りの場所に正しく計上されているか
・設計掘削断面積 の規格名計上が意図通りの場所に正しく計上されているか
・切羽監視責任者の有無 の規格名計上が意図通りの場所に正しく計上されているか
・鏡吹付工施工の有無 の規格名計上が意図通りの場所に正しく計上されているか"
TC-149,新規歩掛,DⅡ,断面積40m2,無,無,排ガス対策型(第1次基準値),2ブーム・ドリフタ150kg級 1バスケット,排ガス対策型(第1次基準値),排ガス対策型(第1次基準値),計上する,あり,計上する,計上する,○,○,○,○,○,○,○,○,○,○,○,○,○,○,"岩区分(全選択肢網羅)
・「DⅡ」と表示されているが、外部設計と正しいか
設計掘削断面積(全選択肢網羅)
・「断面積40m2」と表示されているが、外部設計と正しいか
切羽監視責任者の有無(全選択肢網羅)
・「無」と表示されているが、外部設計と正しいか
鏡吹付工施工の有無(全選択肢網羅)
・「無」と表示されているが、外部設計と正しいか
(ドリルジャンボ)排ガス機械の選択(全選択肢網羅)
・「排ガス対策型(第1次基準値)」と表示されているが、外部設計と正しいか
(大型ブレーカ)排ガス機械の選択(全選択肢網羅)
・「排ガス対策型(第1次基準値)」と表示されているが、外部設計と正しいか
(ホイールローダ)排ガス機械の選択(全選択肢網羅)
・「排ガス対策型(第1次基準値)」と表示されているが、外部設計と正しいか
ロックボルトの計上区分(全選択肢網羅)
・「計上する」と表示されているが、外部設計と正しいか
鋼製支保有無(全選択肢網羅)
・「あり」と表示されているが、外部設計と正しいか
ダンプトラックによるずり運搬の計上区分(全選択肢網羅)
・「計上する」と表示されているが、外部設計と正しいか
集塵機の計上区分(全選択肢網羅)
・「計上する」と表示されているが、外部設計と正しいか","・岩区分 の規格名計上が意図通りの場所に正しく計上されているか
・設計掘削断面積 の規格名計上が意図通りの場所に正しく計上されているか
・切羽監視責任者の有無 の規格名計上が意図通りの場所に正しく計上されているか
・鏡吹付工施工の有無 の規格名計上が意図通りの場所に正しく計上されているか"
TC-150,新規歩掛,DⅡ,断面積40m2,無,無,排ガス対策型(第1次基準値),2ブーム・ドリフタ150kg級 1バスケット,排ガス対策型(第1次基準値),排ガス対策型(第1次基準値),計上する,あり,計上する,計上しない,○,○,○,○,○,○,○,○,○,○,○,○,○,○,"岩区分(全選択肢網羅)
・「DⅡ」と表示されているが、外部設計と正しいか
設計掘削断面積(全選択肢網羅)
・「断面積40m2」と表示されているが、外部設計と正しいか
切羽監視責任者の有無(全選択肢網羅)
・「無」と表示されているが、外部設計と正しいか
鏡吹付工施工の有無(全選択肢網羅)
・「無」と表示されているが、外部設計と正しいか
(ドリルジャンボ)排ガス機械の選択(全選択肢網羅)
・「排ガス対策型(第1次基準値)」と表示されているが、外部設計と正しいか
(大型ブレーカ)排ガス機械の選択(全選択肢網羅)
・「排ガス対策型(第1次基準値)」と表示されているが、外部設計と正しいか
(ホイールローダ)排ガス機械の選択(全選択肢網羅)
・「排ガス対策型(第1次基準値)」と表示されているが、外部設計と正しいか
ロックボルトの計上区分(全選択肢網羅)
・「計上する」と表示されているが、外部設計と正しいか
鋼製支保有無(全選択肢網羅)
・「あり」と表示されているが、外部設計と正しいか
ダンプトラックによるずり運搬の計上区分(全選択肢網羅)
・「計上する」と表示されているが、外部設計と正しいか
集塵機の計上区分(全選択肢網羅)
・「計上しない」と表示されているが、外部設計と正しいか","・岩区分 の規格名計上が意図通りの場所に正しく計上されているか
・設計掘削断面積 の規格名計上が意図通りの場所に正しく計上されているか
・切羽監視責任者の有無 の規格名計上が意図通りの場所に正しく計上されているか
・鏡吹付工施工の有無 の規格名計上が意図通りの場所に正しく計上されているか"
TC-151,新規歩掛,DⅡ,断面積40m2,無,無,排ガス対策型(第1次基準値),2ブーム・ドリフタ150kg級 1バスケット,排ガス対策型(第1次基準値),排ガス対策型(第1次基準値),計上する,あり,計上しない,計上する,○,○,○,○,○,○,○,○,○,○,○,○,○,,"岩区分(全選択肢網羅)
・「DⅡ」と表示されているが、外部設計と正しいか
設計掘削断面積(全選択肢網羅)
・「断面積40m2」と表示されているが、外部設計と正しいか
切羽監視責任者の有無(全選択肢網羅)
・「無」と表示されているが、外部設計と正しいか
鏡吹付工施工の有無(全選択肢網羅)
・「無」と表示されているが、外部設計と正しいか
(ドリルジャンボ)排ガス機械の選択(全選択肢網羅)
・「排ガス対策型(第1次基準値)」と表示されているが、外部設計と正しいか
(大型ブレーカ)排ガス機械の選択(全選択肢網羅)
・「排ガス対策型(第1次基準値)」と表示されているが、外部設計と正しいか
(ホイールローダ)排ガス機械の選択(全選択肢網羅)
・「排ガス対策型(第1次基準値)」と表示されているが、外部設計と正しいか
ロックボルトの計上区分(全選択肢網羅)
・「計上する」と表示されているが、外部設計と正しいか
鋼製支保有無(全選択肢網羅)
・「あり」と表示されているが、外部設計と正しいか
ダンプトラックによるずり運搬の計上区分(全選択肢網羅)
・「計上しない」と表示されているが、外部設計と正しいか
集塵機の計上区分(全選択肢網羅)
・「計上する」と表示されているが、外部設計と正しいか","・岩区分 の規格名計上が意図通りの場所に正しく計上されているか
・設計掘削断面積 の規格名計上が意図通りの場所に正しく計上されているか
・切羽監視責任者の有無 の規格名計上が意図通りの場所に正しく計上されているか
・鏡吹付工施工の有無 の規格名計上が意図通りの場所に正しく計上されているか"
TC-152,新規歩掛,DⅡ,断面積40m2,無,無,排ガス対策型(第1次基準値),2ブーム・ドリフタ150kg級 1バスケット,排ガス対策型(第1次基準値),排ガス対策型(第1次基準値),計上する,あり,計上しない,計上しない,○,○,○,○,○,○,○,○,○,○,○,○,○,,"岩区分(全選択肢網羅)
・「DⅡ」と表示されているが、外部設計と正しいか
設計掘削断面積(全選択肢網羅)
・「断面積40m2」と表示されているが、外部設計と正しいか
切羽監視責任者の有無(全選択肢網羅)
・「無」と表示されているが、外部設計と正しいか
鏡吹付工施工の有無(全選択肢網羅)
・「無」と表示されているが、外部設計と正しいか
(ドリルジャンボ)排ガス機械の選択(全選択肢網羅)
・「排ガス対策型(第1次基準値)」と表示されているが、外部設計と正しいか
(大型ブレーカ)排ガス機械の選択(全選択肢網羅)
・「排ガス対策型(第1次基準値)」と表示されているが、外部設計と正しいか
(ホイールローダ)排ガス機械の選択(全選択肢網羅)
・「排ガス対策型(第1次基準値)」と表示されているが、外部設計と正しいか
ロックボルトの計上区分(全選択肢網羅)
・「計上する」と表示されているが、外部設計と正しいか
鋼製支保有無(全選択肢網羅)
・「あり」と表示されているが、外部設計と正しいか
ダンプトラックによるずり運搬の計上区分(全選択肢網羅)
・「計上しない」と表示されているが、外部設計と正しいか
集塵機の計上区分(全選択肢網羅)
・「計上しない」と表示されているが、外部設計と正しいか","・岩区分 の規格名計上が意図通りの場所に正しく計上されているか
・設計掘削断面積 の規格名計上が意図通りの場所に正しく計上されているか
・切羽監視責任者の有無 の規格名計上が意図通りの場所に正しく計上されているか
・鏡吹付工施工の有無 の規格名計上が意図通りの場所に正しく計上されているか"
TC-153,新規歩掛,DⅡ,断面積40m2,無,無,排ガス対策型(第1次基準値),2ブーム・ドリフタ150kg級 1バスケット,排ガス対策型(第1次基準値),排ガス対策型(第1次基準値),計上しない,なし,計上する,計上する,,○,○,○,○,○,○,○,○,○,○,○,○,○,"岩区分(全選択肢網羅)
・「DⅡ」と表示されているが、外部設計と正しいか
設計掘削断面積(全選択肢網羅)
・「断面積40m2」と表示されているが、外部設計と正しいか
切羽監視責任者の有無(全選択肢網羅)
・「無」と表示されているが、外部設計と正しいか
鏡吹付工施工の有無(全選択肢網羅)
・「無」と表示されているが、外部設計と正しいか
(ドリルジャンボ)排ガス機械の選択(全選択肢網羅)
・「排ガス対策型(第1次基準値)」と表示されているが、外部設計と正しいか
(大型ブレーカ)排ガス機械の選択(全選択肢網羅)
・「排ガス対策型(第1次基準値)」と表示されているが、外部設計と正しいか
(ホイールローダ)排ガス機械の選択(全選択肢網羅)
・「排ガス対策型(第1次基準値)」と表示されているが、外部設計と正しいか
ロックボルトの計上区分(全選択肢網羅)
・「計上しない」と表示されているが、外部設計と正しいか
鋼製支保有無(全選択肢網羅)
・「なし」と表示されているが、外部設計と正しいか
ダンプトラックによるずり運搬の計上区分(全選択肢網羅)
・「計上する」と表示されているが、外部設計と正しいか
集塵機の計上区分(全選択肢網羅)
・「計上する」と表示されているが、外部設計と正しいか","・岩区分 の規格名計上が意図通りの場所に正しく計上されているか
・設計掘削断面積 の規格名計上が意図通りの場所に正しく計上されているか
・切羽監視責任者の有無 の規格名計上が意図通りの場所に正しく計上されているか
・鏡吹付工施工の有無 の規格名計上が意図通りの場所に正しく計上されているか"
TC-154,新規歩掛,DⅡ,断面積40m2,無,無,排ガス対策型(第1次基準値),2ブーム・ドリフタ150kg級 1バスケット,排ガス対策型(第1次基準値),排ガス対策型(第1次基準値),計上しない,なし,計上する,計上しない,,○,○,○,○,○,○,○,○,○,○,○,○,○,"岩区分(全選択肢網羅)
・「DⅡ」と表示されているが、外部設計と正しいか
設計掘削断面積(全選択肢網羅)
・「断面積40m2」と表示されているが、外部設計と正しいか
切羽監視責任者の有無(全選択肢網羅)
・「無」と表示されているが、外部設計と正しいか
鏡吹付工施工の有無(全選択肢網羅)
・「無」と表示されているが、外部設計と正しいか
(ドリルジャンボ)排ガス機械の選択(全選択肢網羅)
・「排ガス対策型(第1次基準値)」と表示されているが、外部設計と正しいか
(大型ブレーカ)排ガス機械の選択(全選択肢網羅)
・「排ガス対策型(第1次基準値)」と表示されているが、外部設計と正しいか
(ホイールローダ)排ガス機械の選択(全選択肢網羅)
・「排ガス対策型(第1次基準値)」と表示されているが、外部設計と正しいか
ロックボルトの計上区分(全選択肢網羅)
・「計上しない」と表示されているが、外部設計と正しいか
鋼製支保有無(全選択肢網羅)
・「なし」と表示されているが、外部設計と正しいか
ダンプトラックによるずり運搬の計上区分(全選択肢網羅)
・「計上する」と表示されているが、外部設計と正しいか
集塵機の計上区分(全選択肢網羅)
・「計上しない」と表示されているが、外部設計と正しいか","・岩区分 の規格名計上が意図通りの場所に正しく計上されているか
・設計掘削断面積 の規格名計上が意図通りの場所に正しく計上されているか
・切羽監視責任者の有無 の規格名計上が意図通りの場所に正しく計上されているか
・鏡吹付工施工の有無 の規格名計上が意図通りの場所に正しく計上されているか"
TC-155,新規歩掛,DⅡ,断面積40m2,無,無,排ガス対策型(第1次基準値),2ブーム・ドリフタ150kg級 1バスケット,排ガス対策型(第1次基準値),排ガス対策型(第1次基準値),計上しない,なし,計上しない,計上する,,○,○,○,○,○,○,○,○,○,○,○,○,,"岩区分(全選択肢網羅)
・「DⅡ」と表示されているが、外部設計と正しいか
設計掘削断面積(全選択肢網羅)
・「断面積40m2」と表示されているが、外部設計と正しいか
切羽監視責任者の有無(全選択肢網羅)
・「無」と表示されているが、外部設計と正しいか
鏡吹付工施工の有無(全選択肢網羅)
・「無」と表示されているが、外部設計と正しいか
(ドリルジャンボ)排ガス機械の選択(全選択肢網羅)
・「排ガス対策型(第1次基準値)」と表示されているが、外部設計と正しいか
(大型ブレーカ)排ガス機械の選択(全選択肢網羅)
・「排ガス対策型(第1次基準値)」と表示されているが、外部設計と正しいか
(ホイールローダ)排ガス機械の選択(全選択肢網羅)
・「排ガス対策型(第1次基準値)」と表示されているが、外部設計と正しいか
ロックボルトの計上区分(全選択肢網羅)
・「計上しない」と表示されているが、外部設計と正しいか
鋼製支保有無(全選択肢網羅)
・「なし」と表示されているが、外部設計と正しいか
ダンプトラックによるずり運搬の計上区分(全選択肢網羅)
・「計上しない」と表示されているが、外部設計と正しいか
集塵機の計上区分(全選択肢網羅)
・「計上する」と表示されているが、外部設計と正しいか","・岩区分 の規格名計上が意図通りの場所に正しく計上されているか
・設計掘削断面積 の規格名計上が意図通りの場所に正しく計上されているか
・切羽監視責任者の有無 の規格名計上が意図通りの場所に正しく計上されているか
・鏡吹付工施工の有無 の規格名計上が意図通りの場所に正しく計上されているか"
TC-156,新規歩掛,DⅡ,断面積40m2,無,無,排ガス対策型(第1次基準値),2ブーム・ドリフタ150kg級 1バスケット,排ガス対策型(第1次基準値),排ガス対策型(第1次基準値),計上しない,なし,計上しない,計上しない,,○,○,○,○,○,○,○,○,○,○,○,○,,"岩区分(全選択肢網羅)
・「DⅡ」と表示されているが、外部設計と正しいか
設計掘削断面積(全選択肢網羅)
・「断面積40m2」と表示されているが、外部設計と正しいか
切羽監視責任者の有無(全選択肢網羅)
・「無」と表示されているが、外部設計と正しいか
鏡吹付工施工の有無(全選択肢網羅)
・「無」と表示されているが、外部設計と正しいか
(ドリルジャンボ)排ガス機械の選択(全選択肢網羅)
・「排ガス対策型(第1次基準値)」と表示されているが、外部設計と正しいか
(大型ブレーカ)排ガス機械の選択(全選択肢網羅)
・「排ガス対策型(第1次基準値)」と表示されているが、外部設計と正しいか
(ホイールローダ)排ガス機械の選択(全選択肢網羅)
・「排ガス対策型(第1次基準値)」と表示されているが、外部設計と正しいか
ロックボルトの計上区分(全選択肢網羅)
・「計上しない」と表示されているが、外部設計と正しいか
鋼製支保有無(全選択肢網羅)
・「なし」と表示されているが、外部設計と正しいか
ダンプトラックによるずり運搬の計上区分(全選択肢網羅)
・「計上しない」と表示されているが、外部設計と正しいか
集塵機の計上区分(全選択肢網羅)
・「計上しない」と表示されているが、外部設計と正しいか","・岩区分 の規格名計上が意図通りの場所に正しく計上されているか
・設計掘削断面積 の規格名計上が意図通りの場所に正しく計上されているか
・切羽監視責任者の有無 の規格名計上が意図通りの場所に正しく計上されているか
・鏡吹付工施工の有無 の規格名計上が意図通りの場所に正しく計上されているか"
TC-157,新規歩掛,DⅡ,断面積40m2,無,無,排ガス対策型(第1次基準値),2ブーム・ドリフタ150kg級 1バスケット,排ガス対策型(第1次基準値),排ガス対策型(第1次基準値),計上しない,あり,計上する,計上する,,○,○,○,○,○,○,○,○,○,○,○,○,○,"岩区分(全選択肢網羅)
・「DⅡ」と表示されているが、外部設計と正しいか
設計掘削断面積(全選択肢網羅)
・「断面積40m2」と表示されているが、外部設計と正しいか
切羽監視責任者の有無(全選択肢網羅)
・「無」と表示されているが、外部設計と正しいか
鏡吹付工施工の有無(全選択肢網羅)
・「無」と表示されているが、外部設計と正しいか
(ドリルジャンボ)排ガス機械の選択(全選択肢網羅)
・「排ガス対策型(第1次基準値)」と表示されているが、外部設計と正しいか
(大型ブレーカ)排ガス機械の選択(全選択肢網羅)
・「排ガス対策型(第1次基準値)」と表示されているが、外部設計と正しいか
(ホイールローダ)排ガス機械の選択(全選択肢網羅)
・「排ガス対策型(第1次基準値)」と表示されているが、外部設計と正しいか
ロックボルトの計上区分(全選択肢網羅)
・「計上しない」と表示されているが、外部設計と正しいか
鋼製支保有無(全選択肢網羅)
・「あり」と表示されているが、外部設計と正しいか
ダンプトラックによるずり運搬の計上区分(全選択肢網羅)
・「計上する」と表示されているが、外部設計と正しいか
集塵機の計上区分(全選択肢網羅)
・「計上する」と表示されているが、外部設計と正しいか","・岩区分 の規格名計上が意図通りの場所に正しく計上されているか
・設計掘削断面積 の規格名計上が意図通りの場所に正しく計上されているか
・切羽監視責任者の有無 の規格名計上が意図通りの場所に正しく計上されているか
・鏡吹付工施工の有無 の規格名計上が意図通りの場所に正しく計上されているか"
TC-158,新規歩掛,DⅡ,断面積40m2,無,無,排ガス対策型(第1次基準値),2ブーム・ドリフタ150kg級 1バスケット,排ガス対策型(第1次基準値),排ガス対策型(第1次基準値),計上しない,あり,計上する,計上しない,,○,○,○,○,○,○,○,○,○,○,○,○,○,"岩区分(全選択肢網羅)
・「DⅡ」と表示されているが、外部設計と正しいか
設計掘削断面積(全選択肢網羅)
・「断面積40m2」と表示されているが、外部設計と正しいか
切羽監視責任者の有無(全選択肢網羅)
・「無」と表示されているが、外部設計と正しいか
鏡吹付工施工の有無(全選択肢網羅)
・「無」と表示されているが、外部設計と正しいか
(ドリルジャンボ)排ガス機械の選択(全選択肢網羅)
・「排ガス対策型(第1次基準値)」と表示されているが、外部設計と正しいか
(大型ブレーカ)排ガス機械の選択(全選択肢網羅)
・「排ガス対策型(第1次基準値)」と表示されているが、外部設計と正しいか
(ホイールローダ)排ガス機械の選択(全選択肢網羅)
・「排ガス対策型(第1次基準値)」と表示されているが、外部設計と正しいか
ロックボルトの計上区分(全選択肢網羅)
・「計上しない」と表示されているが、外部設計と正しいか
鋼製支保有無(全選択肢網羅)
・「あり」と表示されているが、外部設計と正しいか
ダンプトラックによるずり運搬の計上区分(全選択肢網羅)
・「計上する」と表示されているが、外部設計と正しいか
集塵機の計上区分(全選択肢網羅)
・「計上しない」と表示されているが、外部設計と正しいか","・岩区分 の規格名計上が意図通りの場所に正しく計上されているか
・設計掘削断面積 の規格名計上が意図通りの場所に正しく計上されているか
・切羽監視責任者の有無 の規格名計上が意図通りの場所に正しく計上されているか
・鏡吹付工施工の有無 の規格名計上が意図通りの場所に正しく計上されているか"
TC-159,新規歩掛,DⅡ,断面積40m2,無,無,排ガス対策型(第1次基準値),2ブーム・ドリフタ150kg級 1バスケット,排ガス対策型(第1次基準値),排ガス対策型(第1次基準値),計上しない,あり,計上しない,計上する,,○,○,○,○,○,○,○,○,○,○,○,○,,"岩区分(全選択肢網羅)
・「DⅡ」と表示されているが、外部設計と正しいか
設計掘削断面積(全選択肢網羅)
・「断面積40m2」と表示されているが、外部設計と正しいか
切羽監視責任者の有無(全選択肢網羅)
・「無」と表示されているが、外部設計と正しいか
鏡吹付工施工の有無(全選択肢網羅)
・「無」と表示されているが、外部設計と正しいか
(ドリルジャンボ)排ガス機械の選択(全選択肢網羅)
・「排ガス対策型(第1次基準値)」と表示されているが、外部設計と正しいか
(大型ブレーカ)排ガス機械の選択(全選択肢網羅)
・「排ガス対策型(第1次基準値)」と表示されているが、外部設計と正しいか
(ホイールローダ)排ガス機械の選択(全選択肢網羅)
・「排ガス対策型(第1次基準値)」と表示されているが、外部設計と正しいか
ロックボルトの計上区分(全選択肢網羅)
・「計上しない」と表示されているが、外部設計と正しいか
鋼製支保有無(全選択肢網羅)
・「あり」と表示されているが、外部設計と正しいか
ダンプトラックによるずり運搬の計上区分(全選択肢網羅)
・「計上しない」と表示されているが、外部設計と正しいか
集塵機の計上区分(全選択肢網羅)
・「計上する」と表示されているが、外部設計と正しいか","・岩区分 の規格名計上が意図通りの場所に正しく計上されているか
・設計掘削断面積 の規格名計上が意図通りの場所に正しく計上されているか
・切羽監視責任者の有無 の規格名計上が意図通りの場所に正しく計上されているか
・鏡吹付工施工の有無 の規格名計上が意図通りの場所に正しく計上されているか"
TC-160,新規歩掛,DⅡ,断面積40m2,無,無,排ガス対策型(第1次基準値),2ブーム・ドリフタ150kg級 1バスケット,排ガス対策型(第1次基準値),排ガス対策型(第1次基準値),計上しない,あり,計上しない,計上しない,,○,○,○,○,○,○,○,○,○,○,○,○,,"岩区分(全選択肢網羅)
・「DⅡ」と表示されているが、外部設計と正しいか
設計掘削断面積(全選択肢網羅)
・「断面積40m2」と表示されているが、外部設計と正しいか
切羽監視責任者の有無(全選択肢網羅)
・「無」と表示されているが、外部設計と正しいか
鏡吹付工施工の有無(全選択肢網羅)
・「無」と表示されているが、外部設計と正しいか
(ドリルジャンボ)排ガス機械の選択(全選択肢網羅)
・「排ガス対策型(第1次基準値)」と表示されているが、外部設計と正しいか
(大型ブレーカ)排ガス機械の選択(全選択肢網羅)
・「排ガス対策型(第1次基準値)」と表示されているが、外部設計と正しいか
(ホイールローダ)排ガス機械の選択(全選択肢網羅)
・「排ガス対策型(第1次基準値)」と表示されているが、外部設計と正しいか
ロックボルトの計上区分(全選択肢網羅)
・「計上しない」と表示されているが、外部設計と正しいか
鋼製支保有無(全選択肢網羅)
・「あり」と表示されているが、外部設計と正しいか
ダンプトラックによるずり運搬の計上区分(全選択肢網羅)
・「計上しない」と表示されているが、外部設計と正しいか
集塵機の計上区分(全選択肢網羅)
・「計上しない」と表示されているが、外部設計と正しいか","・岩区分 の規格名計上が意図通りの場所に正しく計上されているか
・設計掘削断面積 の規格名計上が意図通りの場所に正しく計上されているか
・切羽監視責任者の有無 の規格名計上が意図通りの場所に正しく計上されているか
・鏡吹付工施工の有無 の規格名計上が意図通りの場所に正しく計上されているか"
TC-161,新規歩掛,DⅡ,断面積45m2,無,無,排ガス未対策型(旧),-,排ガス対策型(第1次基準値),排ガス対策型(第1次基準値),計上する,なし,計上する,計上する,○,○,○,○,○,○,○,○,○,○,○,○,○,○,"岩区分(全選択肢網羅)
・「DⅡ」と表示されているが、外部設計と正しいか
設計掘削断面積(全選択肢網羅)
・「断面積45m2」と表示されているが、外部設計と正しいか
切羽監視責任者の有無(全選択肢網羅)
・「無」と表示されているが、外部設計と正しいか
鏡吹付工施工の有無(全選択肢網羅)
・「無」と表示されているが、外部設計と正しいか
(ドリルジャンボ)排ガス機械の選択(全選択肢網羅)
・「排ガス未対策型(旧)」と表示されているが、外部設計と正しいか
(大型ブレーカ)排ガス機械の選択(全選択肢網羅)
・「排ガス対策型(第1次基準値)」と表示されているが、外部設計と正しいか
(ホイールローダ)排ガス機械の選択(全選択肢網羅)
・「排ガス対策型(第1次基準値)」と表示されているが、外部設計と正しいか
ロックボルトの計上区分(全選択肢網羅)
・「計上する」と表示されているが、外部設計と正しいか
鋼製支保有無(全選択肢網羅)
・「なし」と表示されているが、外部設計と正しいか
ダンプトラックによるずり運搬の計上区分(全選択肢網羅)
・「計上する」と表示されているが、外部設計と正しいか
集塵機の計上区分(全選択肢網羅)
・「計上する」と表示されているが、外部設計と正しいか","・岩区分 の規格名計上が意図通りの場所に正しく計上されているか
・設計掘削断面積 の規格名計上が意図通りの場所に正しく計上されているか
・切羽監視責任者の有無 の規格名計上が意図通りの場所に正しく計上されているか
・鏡吹付工施工の有無 の規格名計上が意図通りの場所に正しく計上されているか"
TC-162,新規歩掛,DⅡ,断面積45m2,無,無,排ガス未対策型(旧),-,排ガス対策型(第1次基準値),排ガス対策型(第1次基準値),計上する,なし,計上する,計上しない,○,○,○,○,○,○,○,○,○,○,○,○,○,○,"岩区分(全選択肢網羅)
・「DⅡ」と表示されているが、外部設計と正しいか
設計掘削断面積(全選択肢網羅)
・「断面積45m2」と表示されているが、外部設計と正しいか
切羽監視責任者の有無(全選択肢網羅)
・「無」と表示されているが、外部設計と正しいか
鏡吹付工施工の有無(全選択肢網羅)
・「無」と表示されているが、外部設計と正しいか
(ドリルジャンボ)排ガス機械の選択(全選択肢網羅)
・「排ガス未対策型(旧)」と表示されているが、外部設計と正しいか
(大型ブレーカ)排ガス機械の選択(全選択肢網羅)
・「排ガス対策型(第1次基準値)」と表示されているが、外部設計と正しいか
(ホイールローダ)排ガス機械の選択(全選択肢網羅)
・「排ガス対策型(第1次基準値)」と表示されているが、外部設計と正しいか
ロックボルトの計上区分(全選択肢網羅)
・「計上する」と表示されているが、外部設計と正しいか
鋼製支保有無(全選択肢網羅)
・「なし」と表示されているが、外部設計と正しいか
ダンプトラックによるずり運搬の計上区分(全選択肢網羅)
・「計上する」と表示されているが、外部設計と正しいか
集塵機の計上区分(全選択肢網羅)
・「計上しない」と表示されているが、外部設計と正しいか","・岩区分 の規格名計上が意図通りの場所に正しく計上されているか
・設計掘削断面積 の規格名計上が意図通りの場所に正しく計上されているか
・切羽監視責任者の有無 の規格名計上が意図通りの場所に正しく計上されているか
・鏡吹付工施工の有無 の規格名計上が意図通りの場所に正しく計上されているか"
TC-163,新規歩掛,DⅡ,断面積45m2,無,無,排ガス未対策型(旧),-,排ガス対策型(第1次基準値),排ガス対策型(第1次基準値),計上する,なし,計上しない,計上する,○,○,○,○,○,○,○,○,○,○,○,○,○,,"岩区分(全選択肢網羅)
・「DⅡ」と表示されているが、外部設計と正しいか
設計掘削断面積(全選択肢網羅)
・「断面積45m2」と表示されているが、外部設計と正しいか
切羽監視責任者の有無(全選択肢網羅)
・「無」と表示されているが、外部設計と正しいか
鏡吹付工施工の有無(全選択肢網羅)
・「無」と表示されているが、外部設計と正しいか
(ドリルジャンボ)排ガス機械の選択(全選択肢網羅)
・「排ガス未対策型(旧)」と表示されているが、外部設計と正しいか
(大型ブレーカ)排ガス機械の選択(全選択肢網羅)
・「排ガス対策型(第1次基準値)」と表示されているが、外部設計と正しいか
(ホイールローダ)排ガス機械の選択(全選択肢網羅)
・「排ガス対策型(第1次基準値)」と表示されているが、外部設計と正しいか
ロックボルトの計上区分(全選択肢網羅)
・「計上する」と表示されているが、外部設計と正しいか
鋼製支保有無(全選択肢網羅)
・「なし」と表示されているが、外部設計と正しいか
ダンプトラックによるずり運搬の計上区分(全選択肢網羅)
・「計上しない」と表示されているが、外部設計と正しいか
集塵機の計上区分(全選択肢網羅)
・「計上する」と表示されているが、外部設計と正しいか","・岩区分 の規格名計上が意図通りの場所に正しく計上されているか
・設計掘削断面積 の規格名計上が意図通りの場所に正しく計上されているか
・切羽監視責任者の有無 の規格名計上が意図通りの場所に正しく計上されているか
・鏡吹付工施工の有無 の規格名計上が意図通りの場所に正しく計上されているか"
TC-164,新規歩掛,DⅡ,断面積45m2,無,無,排ガス未対策型(旧),-,排ガス対策型(第1次基準値),排ガス対策型(第1次基準値),計上する,なし,計上しない,計上しない,○,○,○,○,○,○,○,○,○,○,○,○,○,,"岩区分(全選択肢網羅)
・「DⅡ」と表示されているが、外部設計と正しいか
設計掘削断面積(全選択肢網羅)
・「断面積45m2」と表示されているが、外部設計と正しいか
切羽監視責任者の有無(全選択肢網羅)
・「無」と表示されているが、外部設計と正しいか
鏡吹付工施工の有無(全選択肢網羅)
・「無」と表示されているが、外部設計と正しいか
(ドリルジャンボ)排ガス機械の選択(全選択肢網羅)
・「排ガス未対策型(旧)」と表示されているが、外部設計と正しいか
(大型ブレーカ)排ガス機械の選択(全選択肢網羅)
・「排ガス対策型(第1次基準値)」と表示されているが、外部設計と正しいか
(ホイールローダ)排ガス機械の選択(全選択肢網羅)
・「排ガス対策型(第1次基準値)」と表示されているが、外部設計と正しいか
ロックボルトの計上区分(全選択肢網羅)
・「計上する」と表示されているが、外部設計と正しいか
鋼製支保有無(全選択肢網羅)
・「なし」と表示されているが、外部設計と正しいか
ダンプトラックによるずり運搬の計上区分(全選択肢網羅)
・「計上しない」と表示されているが、外部設計と正しいか
集塵機の計上区分(全選択肢網羅)
・「計上しない」と表示されているが、外部設計と正しいか","・岩区分 の規格名計上が意図通りの場所に正しく計上されているか
・設計掘削断面積 の規格名計上が意図通りの場所に正しく計上されているか
・切羽監視責任者の有無 の規格名計上が意図通りの場所に正しく計上されているか
・鏡吹付工施工の有無 の規格名計上が意図通りの場所に正しく計上されているか"
TC-165,新規歩掛,DⅡ,断面積45m2,無,無,排ガス未対策型(旧),-,排ガス対策型(第1次基準値),排ガス対策型(第1次基準値),計上する,あり,計上する,計上する,○,○,○,○,○,○,○,○,○,○,○,○,○,○,"岩区分(全選択肢網羅)
・「DⅡ」と表示されているが、外部設計と正しいか
設計掘削断面積(全選択肢網羅)
・「断面積45m2」と表示されているが、外部設計と正しいか
切羽監視責任者の有無(全選択肢網羅)
・「無」と表示されているが、外部設計と正しいか
鏡吹付工施工の有無(全選択肢網羅)
・「無」と表示されているが、外部設計と正しいか
(ドリルジャンボ)排ガス機械の選択(全選択肢網羅)
・「排ガス未対策型(旧)」と表示されているが、外部設計と正しいか
(大型ブレーカ)排ガス機械の選択(全選択肢網羅)
・「排ガス対策型(第1次基準値)」と表示されているが、外部設計と正しいか
(ホイールローダ)排ガス機械の選択(全選択肢網羅)
・「排ガス対策型(第1次基準値)」と表示されているが、外部設計と正しいか
ロックボルトの計上区分(全選択肢網羅)
・「計上する」と表示されているが、外部設計と正しいか
鋼製支保有無(全選択肢網羅)
・「あり」と表示されているが、外部設計と正しいか
ダンプトラックによるずり運搬の計上区分(全選択肢網羅)
・「計上する」と表示されているが、外部設計と正しいか
集塵機の計上区分(全選択肢網羅)
・「計上する」と表示されているが、外部設計と正しいか","・岩区分 の規格名計上が意図通りの場所に正しく計上されているか
・設計掘削断面積 の規格名計上が意図通りの場所に正しく計上されているか
・切羽監視責任者の有無 の規格名計上が意図通りの場所に正しく計上されているか
・鏡吹付工施工の有無 の規格名計上が意図通りの場所に正しく計上されているか"
TC-166,新規歩掛,DⅡ,断面積45m2,無,無,排ガス未対策型(旧),-,排ガス対策型(第1次基準値),排ガス対策型(第1次基準値),計上する,あり,計上する,計上しない,○,○,○,○,○,○,○,○,○,○,○,○,○,○,"岩区分(全選択肢網羅)
・「DⅡ」と表示されているが、外部設計と正しいか
設計掘削断面積(全選択肢網羅)
・「断面積45m2」と表示されているが、外部設計と正しいか
切羽監視責任者の有無(全選択肢網羅)
・「無」と表示されているが、外部設計と正しいか
鏡吹付工施工の有無(全選択肢網羅)
・「無」と表示されているが、外部設計と正しいか
(ドリルジャンボ)排ガス機械の選択(全選択肢網羅)
・「排ガス未対策型(旧)」と表示されているが、外部設計と正しいか
(大型ブレーカ)排ガス機械の選択(全選択肢網羅)
・「排ガス対策型(第1次基準値)」と表示されているが、外部設計と正しいか
(ホイールローダ)排ガス機械の選択(全選択肢網羅)
・「排ガス対策型(第1次基準値)」と表示されているが、外部設計と正しいか
ロックボルトの計上区分(全選択肢網羅)
・「計上する」と表示されているが、外部設計と正しいか
鋼製支保有無(全選択肢網羅)
・「あり」と表示されているが、外部設計と正しいか
ダンプトラックによるずり運搬の計上区分(全選択肢網羅)
・「計上する」と表示されているが、外部設計と正しいか
集塵機の計上区分(全選択肢網羅)
・「計上しない」と表示されているが、外部設計と正しいか","・岩区分 の規格名計上が意図通りの場所に正しく計上されているか
・設計掘削断面積 の規格名計上が意図通りの場所に正しく計上されているか
・切羽監視責任者の有無 の規格名計上が意図通りの場所に正しく計上されているか
・鏡吹付工施工の有無 の規格名計上が意図通りの場所に正しく計上されているか"
TC-167,新規歩掛,DⅡ,断面積45m2,無,無,排ガス未対策型(旧),-,排ガス対策型(第1次基準値),排ガス対策型(第1次基準値),計上する,あり,計上しない,計上する,○,○,○,○,○,○,○,○,○,○,○,○,○,,"岩区分(全選択肢網羅)
・「DⅡ」と表示されているが、外部設計と正しいか
設計掘削断面積(全選択肢網羅)
・「断面積45m2」と表示されているが、外部設計と正しいか
切羽監視責任者の有無(全選択肢網羅)
・「無」と表示されているが、外部設計と正しいか
鏡吹付工施工の有無(全選択肢網羅)
・「無」と表示されているが、外部設計と正しいか
(ドリルジャンボ)排ガス機械の選択(全選択肢網羅)
・「排ガス未対策型(旧)」と表示されているが、外部設計と正しいか
(大型ブレーカ)排ガス機械の選択(全選択肢網羅)
・「排ガス対策型(第1次基準値)」と表示されているが、外部設計と正しいか
(ホイールローダ)排ガス機械の選択(全選択肢網羅)
・「排ガス対策型(第1次基準値)」と表示されているが、外部設計と正しいか
ロックボルトの計上区分(全選択肢網羅)
・「計上する」と表示されているが、外部設計と正しいか
鋼製支保有無(全選択肢網羅)
・「あり」と表示されているが、外部設計と正しいか
ダンプトラックによるずり運搬の計上区分(全選択肢網羅)
・「計上しない」と表示されているが、外部設計と正しいか
集塵機の計上区分(全選択肢網羅)
・「計上する」と表示されているが、外部設計と正しいか","・岩区分 の規格名計上が意図通りの場所に正しく計上されているか
・設計掘削断面積 の規格名計上が意図通りの場所に正しく計上されているか
・切羽監視責任者の有無 の規格名計上が意図通りの場所に正しく計上されているか
・鏡吹付工施工の有無 の規格名計上が意図通りの場所に正しく計上されているか"
TC-168,新規歩掛,DⅡ,断面積45m2,無,無,排ガス未対策型(旧),-,排ガス対策型(第1次基準値),排ガス対策型(第1次基準値),計上する,あり,計上しない,計上しない,○,○,○,○,○,○,○,○,○,○,○,○,○,,"岩区分(全選択肢網羅)
・「DⅡ」と表示されているが、外部設計と正しいか
設計掘削断面積(全選択肢網羅)
・「断面積45m2」と表示されているが、外部設計と正しいか
切羽監視責任者の有無(全選択肢網羅)
・「無」と表示されているが、外部設計と正しいか
鏡吹付工施工の有無(全選択肢網羅)
・「無」と表示されているが、外部設計と正しいか
(ドリルジャンボ)排ガス機械の選択(全選択肢網羅)
・「排ガス未対策型(旧)」と表示されているが、外部設計と正しいか
(大型ブレーカ)排ガス機械の選択(全選択肢網羅)
・「排ガス対策型(第1次基準値)」と表示されているが、外部設計と正しいか
(ホイールローダ)排ガス機械の選択(全選択肢網羅)
・「排ガス対策型(第1次基準値)」と表示されているが、外部設計と正しいか
ロックボルトの計上区分(全選択肢網羅)
・「計上する」と表示されているが、外部設計と正しいか
鋼製支保有無(全選択肢網羅)
・「あり」と表示されているが、外部設計と正しいか
ダンプトラックによるずり運搬の計上区分(全選択肢網羅)
・「計上しない」と表示されているが、外部設計と正しいか
集塵機の計上区分(全選択肢網羅)
・「計上しない」と表示されているが、外部設計と正しいか","・岩区分 の規格名計上が意図通りの場所に正しく計上されているか
・設計掘削断面積 の規格名計上が意図通りの場所に正しく計上されているか
・切羽監視責任者の有無 の規格名計上が意図通りの場所に正しく計上されているか
・鏡吹付工施工の有無 の規格名計上が意図通りの場所に正しく計上されているか"
TC-169,新規歩掛,DⅡ,断面積45m2,無,無,排ガス未対策型(旧),-,排ガス対策型(第1次基準値),排ガス対策型(第1次基準値),計上しない,なし,計上する,計上する,,○,○,○,○,○,○,○,○,○,○,○,○,○,"岩区分(全選択肢網羅)
・「DⅡ」と表示されているが、外部設計と正しいか
設計掘削断面積(全選択肢網羅)
・「断面積45m2」と表示されているが、外部設計と正しいか
切羽監視責任者の有無(全選択肢網羅)
・「無」と表示されているが、外部設計と正しいか
鏡吹付工施工の有無(全選択肢網羅)
・「無」と表示されているが、外部設計と正しいか
(ドリルジャンボ)排ガス機械の選択(全選択肢網羅)
・「排ガス未対策型(旧)」と表示されているが、外部設計と正しいか
(大型ブレーカ)排ガス機械の選択(全選択肢網羅)
・「排ガス対策型(第1次基準値)」と表示されているが、外部設計と正しいか
(ホイールローダ)排ガス機械の選択(全選択肢網羅)
・「排ガス対策型(第1次基準値)」と表示されているが、外部設計と正しいか
ロックボルトの計上区分(全選択肢網羅)
・「計上しない」と表示されているが、外部設計と正しいか
鋼製支保有無(全選択肢網羅)
・「なし」と表示されているが、外部設計と正しいか
ダンプトラックによるずり運搬の計上区分(全選択肢網羅)
・「計上する」と表示されているが、外部設計と正しいか
集塵機の計上区分(全選択肢網羅)
・「計上する」と表示されているが、外部設計と正しいか","・岩区分 の規格名計上が意図通りの場所に正しく計上されているか
・設計掘削断面積 の規格名計上が意図通りの場所に正しく計上されているか
・切羽監視責任者の有無 の規格名計上が意図通りの場所に正しく計上されているか
・鏡吹付工施工の有無 の規格名計上が意図通りの場所に正しく計上されているか"
TC-170,新規歩掛,DⅡ,断面積45m2,無,無,排ガス未対策型(旧),-,排ガス対策型(第1次基準値),排ガス対策型(第1次基準値),計上しない,なし,計上する,計上しない,,○,○,○,○,○,○,○,○,○,○,○,○,○,"岩区分(全選択肢網羅)
・「DⅡ」と表示されているが、外部設計と正しいか
設計掘削断面積(全選択肢網羅)
・「断面積45m2」と表示されているが、外部設計と正しいか
切羽監視責任者の有無(全選択肢網羅)
・「無」と表示されているが、外部設計と正しいか
鏡吹付工施工の有無(全選択肢網羅)
・「無」と表示されているが、外部設計と正しいか
(ドリルジャンボ)排ガス機械の選択(全選択肢網羅)
・「排ガス未対策型(旧)」と表示されているが、外部設計と正しいか
(大型ブレーカ)排ガス機械の選択(全選択肢網羅)
・「排ガス対策型(第1次基準値)」と表示されているが、外部設計と正しいか
(ホイールローダ)排ガス機械の選択(全選択肢網羅)
・「排ガス対策型(第1次基準値)」と表示されているが、外部設計と正しいか
ロックボルトの計上区分(全選択肢網羅)
・「計上しない」と表示されているが、外部設計と正しいか
鋼製支保有無(全選択肢網羅)
・「なし」と表示されているが、外部設計と正しいか
ダンプトラックによるずり運搬の計上区分(全選択肢網羅)
・「計上する」と表示されているが、外部設計と正しいか
集塵機の計上区分(全選択肢網羅)
・「計上しない」と表示されているが、外部設計と正しいか","・岩区分 の規格名計上が意図通りの場所に正しく計上されているか
・設計掘削断面積 の規格名計上が意図通りの場所に正しく計上されているか
・切羽監視責任者の有無 の規格名計上が意図通りの場所に正しく計上されているか
・鏡吹付工施工の有無 の規格名計上が意図通りの場所に正しく計上されているか"
TC-171,新規歩掛,DⅡ,断面積45m2,無,無,排ガス未対策型(旧),-,排ガス対策型(第1次基準値),排ガス対策型(第1次基準値),計上しない,なし,計上しない,計上する,,○,○,○,○,○,○,○,○,○,○,○,○,,"岩区分(全選択肢網羅)
・「DⅡ」と表示されているが、外部設計と正しいか
設計掘削断面積(全選択肢網羅)
・「断面積45m2」と表示されているが、外部設計と正しいか
切羽監視責任者の有無(全選択肢網羅)
・「無」と表示されているが、外部設計と正しいか
鏡吹付工施工の有無(全選択肢網羅)
・「無」と表示されているが、外部設計と正しいか
(ドリルジャンボ)排ガス機械の選択(全選択肢網羅)
・「排ガス未対策型(旧)」と表示されているが、外部設計と正しいか
(大型ブレーカ)排ガス機械の選択(全選択肢網羅)
・「排ガス対策型(第1次基準値)」と表示されているが、外部設計と正しいか
(ホイールローダ)排ガス機械の選択(全選択肢網羅)
・「排ガス対策型(第1次基準値)」と表示されているが、外部設計と正しいか
ロックボルトの計上区分(全選択肢網羅)
・「計上しない」と表示されているが、外部設計と正しいか
鋼製支保有無(全選択肢網羅)
・「なし」と表示されているが、外部設計と正しいか
ダンプトラックによるずり運搬の計上区分(全選択肢網羅)
・「計上しない」と表示されているが、外部設計と正しいか
集塵機の計上区分(全選択肢網羅)
・「計上する」と表示されているが、外部設計と正しいか","・岩区分 の規格名計上が意図通りの場所に正しく計上されているか
・設計掘削断面積 の規格名計上が意図通りの場所に正しく計上されているか
・切羽監視責任者の有無 の規格名計上が意図通りの場所に正しく計上されているか
・鏡吹付工施工の有無 の規格名計上が意図通りの場所に正しく計上されているか"
TC-172,新規歩掛,DⅡ,断面積45m2,無,無,排ガス未対策型(旧),-,排ガス対策型(第1次基準値),排ガス対策型(第1次基準値),計上しない,なし,計上しない,計上しない,,○,○,○,○,○,○,○,○,○,○,○,○,,"岩区分(全選択肢網羅)
・「DⅡ」と表示されているが、外部設計と正しいか
設計掘削断面積(全選択肢網羅)
・「断面積45m2」と表示されているが、外部設計と正しいか
切羽監視責任者の有無(全選択肢網羅)
・「無」と表示されているが、外部設計と正しいか
鏡吹付工施工の有無(全選択肢網羅)
・「無」と表示されているが、外部設計と正しいか
(ドリルジャンボ)排ガス機械の選択(全選択肢網羅)
・「排ガス未対策型(旧)」と表示されているが、外部設計と正しいか
(大型ブレーカ)排ガス機械の選択(全選択肢網羅)
・「排ガス対策型(第1次基準値)」と表示されているが、外部設計と正しいか
(ホイールローダ)排ガス機械の選択(全選択肢網羅)
・「排ガス対策型(第1次基準値)」と表示されているが、外部設計と正しいか
ロックボルトの計上区分(全選択肢網羅)
・「計上しない」と表示されているが、外部設計と正しいか
鋼製支保有無(全選択肢網羅)
・「なし」と表示されているが、外部設計と正しいか
ダンプトラックによるずり運搬の計上区分(全選択肢網羅)
・「計上しない」と表示されているが、外部設計と正しいか
集塵機の計上区分(全選択肢網羅)
・「計上しない」と表示されているが、外部設計と正しいか","・岩区分 の規格名計上が意図通りの場所に正しく計上されているか
・設計掘削断面積 の規格名計上が意図通りの場所に正しく計上されているか
・切羽監視責任者の有無 の規格名計上が意図通りの場所に正しく計上されているか
・鏡吹付工施工の有無 の規格名計上が意図通りの場所に正しく計上されているか"
TC-173,新規歩掛,DⅡ,断面積45m2,無,無,排ガス未対策型(旧),-,排ガス対策型(第1次基準値),排ガス対策型(第1次基準値),計上しない,あり,計上する,計上する,,○,○,○,○,○,○,○,○,○,○,○,○,○,"岩区分(全選択肢網羅)
・「DⅡ」と表示されているが、外部設計と正しいか
設計掘削断面積(全選択肢網羅)
・「断面積45m2」と表示されているが、外部設計と正しいか
切羽監視責任者の有無(全選択肢網羅)
・「無」と表示されているが、外部設計と正しいか
鏡吹付工施工の有無(全選択肢網羅)
・「無」と表示されているが、外部設計と正しいか
(ドリルジャンボ)排ガス機械の選択(全選択肢網羅)
・「排ガス未対策型(旧)」と表示されているが、外部設計と正しいか
(大型ブレーカ)排ガス機械の選択(全選択肢網羅)
・「排ガス対策型(第1次基準値)」と表示されているが、外部設計と正しいか
(ホイールローダ)排ガス機械の選択(全選択肢網羅)
・「排ガス対策型(第1次基準値)」と表示されているが、外部設計と正しいか
ロックボルトの計上区分(全選択肢網羅)
・「計上しない」と表示されているが、外部設計と正しいか
鋼製支保有無(全選択肢網羅)
・「あり」と表示されているが、外部設計と正しいか
ダンプトラックによるずり運搬の計上区分(全選択肢網羅)
・「計上する」と表示されているが、外部設計と正しいか
集塵機の計上区分(全選択肢網羅)
・「計上する」と表示されているが、外部設計と正しいか","・岩区分 の規格名計上が意図通りの場所に正しく計上されているか
・設計掘削断面積 の規格名計上が意図通りの場所に正しく計上されているか
・切羽監視責任者の有無 の規格名計上が意図通りの場所に正しく計上されているか
・鏡吹付工施工の有無 の規格名計上が意図通りの場所に正しく計上されているか"
TC-174,新規歩掛,DⅡ,断面積45m2,無,無,排ガス未対策型(旧),-,排ガス対策型(第1次基準値),排ガス対策型(第1次基準値),計上しない,あり,計上する,計上しない,,○,○,○,○,○,○,○,○,○,○,○,○,○,"岩区分(全選択肢網羅)
・「DⅡ」と表示されているが、外部設計と正しいか
設計掘削断面積(全選択肢網羅)
・「断面積45m2」と表示されているが、外部設計と正しいか
切羽監視責任者の有無(全選択肢網羅)
・「無」と表示されているが、外部設計と正しいか
鏡吹付工施工の有無(全選択肢網羅)
・「無」と表示されているが、外部設計と正しいか
(ドリルジャンボ)排ガス機械の選択(全選択肢網羅)
・「排ガス未対策型(旧)」と表示されているが、外部設計と正しいか
(大型ブレーカ)排ガス機械の選択(全選択肢網羅)
・「排ガス対策型(第1次基準値)」と表示されているが、外部設計と正しいか
(ホイールローダ)排ガス機械の選択(全選択肢網羅)
・「排ガス対策型(第1次基準値)」と表示されているが、外部設計と正しいか
ロックボルトの計上区分(全選択肢網羅)
・「計上しない」と表示されているが、外部設計と正しいか
鋼製支保有無(全選択肢網羅)
・「あり」と表示されているが、外部設計と正しいか
ダンプトラックによるずり運搬の計上区分(全選択肢網羅)
・「計上する」と表示されているが、外部設計と正しいか
集塵機の計上区分(全選択肢網羅)
・「計上しない」と表示されているが、外部設計と正しいか","・岩区分 の規格名計上が意図通りの場所に正しく計上されているか
・設計掘削断面積 の規格名計上が意図通りの場所に正しく計上されているか
・切羽監視責任者の有無 の規格名計上が意図通りの場所に正しく計上されているか
・鏡吹付工施工の有無 の規格名計上が意図通りの場所に正しく計上されているか"
TC-175,新規歩掛,DⅡ,断面積45m2,無,無,排ガス未対策型(旧),-,排ガス対策型(第1次基準値),排ガス対策型(第1次基準値),計上しない,あり,計上しない,計上する,,○,○,○,○,○,○,○,○,○,○,○,○,,"岩区分(全選択肢網羅)
・「DⅡ」と表示されているが、外部設計と正しいか
設計掘削断面積(全選択肢網羅)
・「断面積45m2」と表示されているが、外部設計と正しいか
切羽監視責任者の有無(全選択肢網羅)
・「無」と表示されているが、外部設計と正しいか
鏡吹付工施工の有無(全選択肢網羅)
・「無」と表示されているが、外部設計と正しいか
(ドリルジャンボ)排ガス機械の選択(全選択肢網羅)
・「排ガス未対策型(旧)」と表示されているが、外部設計と正しいか
(大型ブレーカ)排ガス機械の選択(全選択肢網羅)
・「排ガス対策型(第1次基準値)」と表示されているが、外部設計と正しいか
(ホイールローダ)排ガス機械の選択(全選択肢網羅)
・「排ガス対策型(第1次基準値)」と表示されているが、外部設計と正しいか
ロックボルトの計上区分(全選択肢網羅)
・「計上しない」と表示されているが、外部設計と正しいか
鋼製支保有無(全選択肢網羅)
・「あり」と表示されているが、外部設計と正しいか
ダンプトラックによるずり運搬の計上区分(全選択肢網羅)
・「計上しない」と表示されているが、外部設計と正しいか
集塵機の計上区分(全選択肢網羅)
・「計上する」と表示されているが、外部設計と正しいか","・岩区分 の規格名計上が意図通りの場所に正しく計上されているか
・設計掘削断面積 の規格名計上が意図通りの場所に正しく計上されているか
・切羽監視責任者の有無 の規格名計上が意図通りの場所に正しく計上されているか
・鏡吹付工施工の有無 の規格名計上が意図通りの場所に正しく計上されているか"
TC-176,新規歩掛,DⅡ,断面積45m2,無,無,排ガス未対策型(旧),-,排ガス対策型(第1次基準値),排ガス対策型(第1次基準値),計上しない,あり,計上しない,計上しない,,○,○,○,○,○,○,○,○,○,○,○,○,,"岩区分(全選択肢網羅)
・「DⅡ」と表示されているが、外部設計と正しいか
設計掘削断面積(全選択肢網羅)
・「断面積45m2」と表示されているが、外部設計と正しいか
切羽監視責任者の有無(全選択肢網羅)
・「無」と表示されているが、外部設計と正しいか
鏡吹付工施工の有無(全選択肢網羅)
・「無」と表示されているが、外部設計と正しいか
(ドリルジャンボ)排ガス機械の選択(全選択肢網羅)
・「排ガス未対策型(旧)」と表示されているが、外部設計と正しいか
(大型ブレーカ)排ガス機械の選択(全選択肢網羅)
・「排ガス対策型(第1次基準値)」と表示されているが、外部設計と正しいか
(ホイールローダ)排ガス機械の選択(全選択肢網羅)
・「排ガス対策型(第1次基準値)」と表示されているが、外部設計と正しいか
ロックボルトの計上区分(全選択肢網羅)
・「計上しない」と表示されているが、外部設計と正しいか
鋼製支保有無(全選択肢網羅)
・「あり」と表示されているが、外部設計と正しいか
ダンプトラックによるずり運搬の計上区分(全選択肢網羅)
・「計上しない」と表示されているが、外部設計と正しいか
集塵機の計上区分(全選択肢網羅)
・「計上しない」と表示されているが、外部設計と正しいか","・岩区分 の規格名計上が意図通りの場所に正しく計上されているか
・設計掘削断面積 の規格名計上が意図通りの場所に正しく計上されているか
・切羽監視責任者の有無 の規格名計上が意図通りの場所に正しく計上されているか
・鏡吹付工施工の有無 の規格名計上が意図通りの場所に正しく計上されているか"
TC-177,新規歩掛,DⅡ,断面積45m2,無,無,排ガス対策型(第1次基準値),2ブーム・ドリフタ150kg級 1バスケット,排ガス対策型(第1次基準値),排ガス対策型(第1次基準値),計上する,なし,計上する,計上する,○,○,○,○,○,○,○,○,○,○,○,○,○,○,"岩区分(全選択肢網羅)
・「DⅡ」と表示されているが、外部設計と正しいか
設計掘削断面積(全選択肢網羅)
・「断面積45m2」と表示されているが、外部設計と正しいか
切羽監視責任者の有無(全選択肢網羅)
・「無」と表示されているが、外部設計と正しいか
鏡吹付工施工の有無(全選択肢網羅)
・「無」と表示されているが、外部設計と正しいか
(ドリルジャンボ)排ガス機械の選択(全選択肢網羅)
・「排ガス対策型(第1次基準値)」と表示されているが、外部設計と正しいか
(大型ブレーカ)排ガス機械の選択(全選択肢網羅)
・「排ガス対策型(第1次基準値)」と表示されているが、外部設計と正しいか
(ホイールローダ)排ガス機械の選択(全選択肢網羅)
・「排ガス対策型(第1次基準値)」と表示されているが、外部設計と正しいか
ロックボルトの計上区分(全選択肢網羅)
・「計上する」と表示されているが、外部設計と正しいか
鋼製支保有無(全選択肢網羅)
・「なし」と表示されているが、外部設計と正しいか
ダンプトラックによるずり運搬の計上区分(全選択肢網羅)
・「計上する」と表示されているが、外部設計と正しいか
集塵機の計上区分(全選択肢網羅)
・「計上する」と表示されているが、外部設計と正しいか","・岩区分 の規格名計上が意図通りの場所に正しく計上されているか
・設計掘削断面積 の規格名計上が意図通りの場所に正しく計上されているか
・切羽監視責任者の有無 の規格名計上が意図通りの場所に正しく計上されているか
・鏡吹付工施工の有無 の規格名計上が意図通りの場所に正しく計上されているか"
TC-178,新規歩掛,DⅡ,断面積45m2,無,無,排ガス対策型(第1次基準値),2ブーム・ドリフタ150kg級 1バスケット,排ガス対策型(第1次基準値),排ガス対策型(第1次基準値),計上する,なし,計上する,計上しない,○,○,○,○,○,○,○,○,○,○,○,○,○,○,"岩区分(全選択肢網羅)
・「DⅡ」と表示されているが、外部設計と正しいか
設計掘削断面積(全選択肢網羅)
・「断面積45m2」と表示されているが、外部設計と正しいか
切羽監視責任者の有無(全選択肢網羅)
・「無」と表示されているが、外部設計と正しいか
鏡吹付工施工の有無(全選択肢網羅)
・「無」と表示されているが、外部設計と正しいか
(ドリルジャンボ)排ガス機械の選択(全選択肢網羅)
・「排ガス対策型(第1次基準値)」と表示されているが、外部設計と正しいか
(大型ブレーカ)排ガス機械の選択(全選択肢網羅)
・「排ガス対策型(第1次基準値)」と表示されているが、外部設計と正しいか
(ホイールローダ)排ガス機械の選択(全選択肢網羅)
・「排ガス対策型(第1次基準値)」と表示されているが、外部設計と正しいか
ロックボルトの計上区分(全選択肢網羅)
・「計上する」と表示されているが、外部設計と正しいか
鋼製支保有無(全選択肢網羅)
・「なし」と表示されているが、外部設計と正しいか
ダンプトラックによるずり運搬の計上区分(全選択肢網羅)
・「計上する」と表示されているが、外部設計と正しいか
集塵機の計上区分(全選択肢網羅)
・「計上しない」と表示されているが、外部設計と正しいか","・岩区分 の規格名計上が意図通りの場所に正しく計上されているか
・設計掘削断面積 の規格名計上が意図通りの場所に正しく計上されているか
・切羽監視責任者の有無 の規格名計上が意図通りの場所に正しく計上されているか
・鏡吹付工施工の有無 の規格名計上が意図通りの場所に正しく計上されているか"
TC-179,新規歩掛,DⅡ,断面積45m2,無,無,排ガス対策型(第1次基準値),2ブーム・ドリフタ150kg級 1バスケット,排ガス対策型(第1次基準値),排ガス対策型(第1次基準値),計上する,なし,計上しない,計上する,○,○,○,○,○,○,○,○,○,○,○,○,○,,"岩区分(全選択肢網羅)
・「DⅡ」と表示されているが、外部設計と正しいか
設計掘削断面積(全選択肢網羅)
・「断面積45m2」と表示されているが、外部設計と正しいか
切羽監視責任者の有無(全選択肢網羅)
・「無」と表示されているが、外部設計と正しいか
鏡吹付工施工の有無(全選択肢網羅)
・「無」と表示されているが、外部設計と正しいか
(ドリルジャンボ)排ガス機械の選択(全選択肢網羅)
・「排ガス対策型(第1次基準値)」と表示されているが、外部設計と正しいか
(大型ブレーカ)排ガス機械の選択(全選択肢網羅)
・「排ガス対策型(第1次基準値)」と表示されているが、外部設計と正しいか
(ホイールローダ)排ガス機械の選択(全選択肢網羅)
・「排ガス対策型(第1次基準値)」と表示されているが、外部設計と正しいか
ロックボルトの計上区分(全選択肢網羅)
・「計上する」と表示されているが、外部設計と正しいか
鋼製支保有無(全選択肢網羅)
・「なし」と表示されているが、外部設計と正しいか
ダンプトラックによるずり運搬の計上区分(全選択肢網羅)
・「計上しない」と表示されているが、外部設計と正しいか
集塵機の計上区分(全選択肢網羅)
・「計上する」と表示されているが、外部設計と正しいか","・岩区分 の規格名計上が意図通りの場所に正しく計上されているか
・設計掘削断面積 の規格名計上が意図通りの場所に正しく計上されているか
・切羽監視責任者の有無 の規格名計上が意図通りの場所に正しく計上されているか
・鏡吹付工施工の有無 の規格名計上が意図通りの場所に正しく計上されているか"
TC-180,新規歩掛,DⅡ,断面積45m2,無,無,排ガス対策型(第1次基準値),2ブーム・ドリフタ150kg級 1バスケット,排ガス対策型(第1次基準値),排ガス対策型(第1次基準値),計上する,なし,計上しない,計上しない,○,○,○,○,○,○,○,○,○,○,○,○,○,,"岩区分(全選択肢網羅)
・「DⅡ」と表示されているが、外部設計と正しいか
設計掘削断面積(全選択肢網羅)
・「断面積45m2」と表示されているが、外部設計と正しいか
切羽監視責任者の有無(全選択肢網羅)
・「無」と表示されているが、外部設計と正しいか
鏡吹付工施工の有無(全選択肢網羅)
・「無」と表示されているが、外部設計と正しいか
(ドリルジャンボ)排ガス機械の選択(全選択肢網羅)
・「排ガス対策型(第1次基準値)」と表示されているが、外部設計と正しいか
(大型ブレーカ)排ガス機械の選択(全選択肢網羅)
・「排ガス対策型(第1次基準値)」と表示されているが、外部設計と正しいか
(ホイールローダ)排ガス機械の選択(全選択肢網羅)
・「排ガス対策型(第1次基準値)」と表示されているが、外部設計と正しいか
ロックボルトの計上区分(全選択肢網羅)
・「計上する」と表示されているが、外部設計と正しいか
鋼製支保有無(全選択肢網羅)
・「なし」と表示されているが、外部設計と正しいか
ダンプトラックによるずり運搬の計上区分(全選択肢網羅)
・「計上しない」と表示されているが、外部設計と正しいか
集塵機の計上区分(全選択肢網羅)
・「計上しない」と表示されているが、外部設計と正しいか","・岩区分 の規格名計上が意図通りの場所に正しく計上されているか
・設計掘削断面積 の規格名計上が意図通りの場所に正しく計上されているか
・切羽監視責任者の有無 の規格名計上が意図通りの場所に正しく計上されているか
・鏡吹付工施工の有無 の規格名計上が意図通りの場所に正しく計上されているか"
TC-181,新規歩掛,DⅡ,断面積45m2,無,無,排ガス対策型(第1次基準値),2ブーム・ドリフタ150kg級 1バスケット,排ガス対策型(第1次基準値),排ガス対策型(第1次基準値),計上する,あり,計上する,計上する,○,○,○,○,○,○,○,○,○,○,○,○,○,○,"岩区分(全選択肢網羅)
・「DⅡ」と表示されているが、外部設計と正しいか
設計掘削断面積(全選択肢網羅)
・「断面積45m2」と表示されているが、外部設計と正しいか
切羽監視責任者の有無(全選択肢網羅)
・「無」と表示されているが、外部設計と正しいか
鏡吹付工施工の有無(全選択肢網羅)
・「無」と表示されているが、外部設計と正しいか
(ドリルジャンボ)排ガス機械の選択(全選択肢網羅)
・「排ガス対策型(第1次基準値)」と表示されているが、外部設計と正しいか
(大型ブレーカ)排ガス機械の選択(全選択肢網羅)
・「排ガス対策型(第1次基準値)」と表示されているが、外部設計と正しいか
(ホイールローダ)排ガス機械の選択(全選択肢網羅)
・「排ガス対策型(第1次基準値)」と表示されているが、外部設計と正しいか
ロックボルトの計上区分(全選択肢網羅)
・「計上する」と表示されているが、外部設計と正しいか
鋼製支保有無(全選択肢網羅)
・「あり」と表示されているが、外部設計と正しいか
ダンプトラックによるずり運搬の計上区分(全選択肢網羅)
・「計上する」と表示されているが、外部設計と正しいか
集塵機の計上区分(全選択肢網羅)
・「計上する」と表示されているが、外部設計と正しいか","・岩区分 の規格名計上が意図通りの場所に正しく計上されているか
・設計掘削断面積 の規格名計上が意図通りの場所に正しく計上されているか
・切羽監視責任者の有無 の規格名計上が意図通りの場所に正しく計上されているか
・鏡吹付工施工の有無 の規格名計上が意図通りの場所に正しく計上されているか"
TC-182,新規歩掛,DⅡ,断面積45m2,無,無,排ガス対策型(第1次基準値),2ブーム・ドリフタ150kg級 1バスケット,排ガス対策型(第1次基準値),排ガス対策型(第1次基準値),計上する,あり,計上する,計上しない,○,○,○,○,○,○,○,○,○,○,○,○,○,○,"岩区分(全選択肢網羅)
・「DⅡ」と表示されているが、外部設計と正しいか
設計掘削断面積(全選択肢網羅)
・「断面積45m2」と表示されているが、外部設計と正しいか
切羽監視責任者の有無(全選択肢網羅)
・「無」と表示されているが、外部設計と正しいか
鏡吹付工施工の有無(全選択肢網羅)
・「無」と表示されているが、外部設計と正しいか
(ドリルジャンボ)排ガス機械の選択(全選択肢網羅)
・「排ガス対策型(第1次基準値)」と表示されているが、外部設計と正しいか
(大型ブレーカ)排ガス機械の選択(全選択肢網羅)
・「排ガス対策型(第1次基準値)」と表示されているが、外部設計と正しいか
(ホイールローダ)排ガス機械の選択(全選択肢網羅)
・「排ガス対策型(第1次基準値)」と表示されているが、外部設計と正しいか
ロックボルトの計上区分(全選択肢網羅)
・「計上する」と表示されているが、外部設計と正しいか
鋼製支保有無(全選択肢網羅)
・「あり」と表示されているが、外部設計と正しいか
ダンプトラックによるずり運搬の計上区分(全選択肢網羅)
・「計上する」と表示されているが、外部設計と正しいか
集塵機の計上区分(全選択肢網羅)
・「計上しない」と表示されているが、外部設計と正しいか","・岩区分 の規格名計上が意図通りの場所に正しく計上されているか
・設計掘削断面積 の規格名計上が意図通りの場所に正しく計上されているか
・切羽監視責任者の有無 の規格名計上が意図通りの場所に正しく計上されているか
・鏡吹付工施工の有無 の規格名計上が意図通りの場所に正しく計上されているか"
TC-183,新規歩掛,DⅡ,断面積45m2,無,無,排ガス対策型(第1次基準値),2ブーム・ドリフタ150kg級 1バスケット,排ガス対策型(第1次基準値),排ガス対策型(第1次基準値),計上する,あり,計上しない,計上する,○,○,○,○,○,○,○,○,○,○,○,○,○,,"岩区分(全選択肢網羅)
・「DⅡ」と表示されているが、外部設計と正しいか
設計掘削断面積(全選択肢網羅)
・「断面積45m2」と表示されているが、外部設計と正しいか
切羽監視責任者の有無(全選択肢網羅)
・「無」と表示されているが、外部設計と正しいか
鏡吹付工施工の有無(全選択肢網羅)
・「無」と表示されているが、外部設計と正しいか
(ドリルジャンボ)排ガス機械の選択(全選択肢網羅)
・「排ガス対策型(第1次基準値)」と表示されているが、外部設計と正しいか
(大型ブレーカ)排ガス機械の選択(全選択肢網羅)
・「排ガス対策型(第1次基準値)」と表示されているが、外部設計と正しいか
(ホイールローダ)排ガス機械の選択(全選択肢網羅)
・「排ガス対策型(第1次基準値)」と表示されているが、外部設計と正しいか
ロックボルトの計上区分(全選択肢網羅)
・「計上する」と表示されているが、外部設計と正しいか
鋼製支保有無(全選択肢網羅)
・「あり」と表示されているが、外部設計と正しいか
ダンプトラックによるずり運搬の計上区分(全選択肢網羅)
・「計上しない」と表示されているが、外部設計と正しいか
集塵機の計上区分(全選択肢網羅)
・「計上する」と表示されているが、外部設計と正しいか","・岩区分 の規格名計上が意図通りの場所に正しく計上されているか
・設計掘削断面積 の規格名計上が意図通りの場所に正しく計上されているか
・切羽監視責任者の有無 の規格名計上が意図通りの場所に正しく計上されているか
・鏡吹付工施工の有無 の規格名計上が意図通りの場所に正しく計上されているか"
TC-184,新規歩掛,DⅡ,断面積45m2,無,無,排ガス対策型(第1次基準値),2ブーム・ドリフタ150kg級 1バスケット,排ガス対策型(第1次基準値),排ガス対策型(第1次基準値),計上する,あり,計上しない,計上しない,○,○,○,○,○,○,○,○,○,○,○,○,○,,"岩区分(全選択肢網羅)
・「DⅡ」と表示されているが、外部設計と正しいか
設計掘削断面積(全選択肢網羅)
・「断面積45m2」と表示されているが、外部設計と正しいか
切羽監視責任者の有無(全選択肢網羅)
・「無」と表示されているが、外部設計と正しいか
鏡吹付工施工の有無(全選択肢網羅)
・「無」と表示されているが、外部設計と正しいか
(ドリルジャンボ)排ガス機械の選択(全選択肢網羅)
・「排ガス対策型(第1次基準値)」と表示されているが、外部設計と正しいか
(大型ブレーカ)排ガス機械の選択(全選択肢網羅)
・「排ガス対策型(第1次基準値)」と表示されているが、外部設計と正しいか
(ホイールローダ)排ガス機械の選択(全選択肢網羅)
・「排ガス対策型(第1次基準値)」と表示されているが、外部設計と正しいか
ロックボルトの計上区分(全選択肢網羅)
・「計上する」と表示されているが、外部設計と正しいか
鋼製支保有無(全選択肢網羅)
・「あり」と表示されているが、外部設計と正しいか
ダンプトラックによるずり運搬の計上区分(全選択肢網羅)
・「計上しない」と表示されているが、外部設計と正しいか
集塵機の計上区分(全選択肢網羅)
・「計上しない」と表示されているが、外部設計と正しいか","・岩区分 の規格名計上が意図通りの場所に正しく計上されているか
・設計掘削断面積 の規格名計上が意図通りの場所に正しく計上されているか
・切羽監視責任者の有無 の規格名計上が意図通りの場所に正しく計上されているか
・鏡吹付工施工の有無 の規格名計上が意図通りの場所に正しく計上されているか"
TC-185,新規歩掛,DⅡ,断面積45m2,無,無,排ガス対策型(第1次基準値),2ブーム・ドリフタ150kg級 1バスケット,排ガス対策型(第1次基準値),排ガス対策型(第1次基準値),計上しない,なし,計上する,計上する,,○,○,○,○,○,○,○,○,○,○,○,○,○,"岩区分(全選択肢網羅)
・「DⅡ」と表示されているが、外部設計と正しいか
設計掘削断面積(全選択肢網羅)
・「断面積45m2」と表示されているが、外部設計と正しいか
切羽監視責任者の有無(全選択肢網羅)
・「無」と表示されているが、外部設計と正しいか
鏡吹付工施工の有無(全選択肢網羅)
・「無」と表示されているが、外部設計と正しいか
(ドリルジャンボ)排ガス機械の選択(全選択肢網羅)
・「排ガス対策型(第1次基準値)」と表示されているが、外部設計と正しいか
(大型ブレーカ)排ガス機械の選択(全選択肢網羅)
・「排ガス対策型(第1次基準値)」と表示されているが、外部設計と正しいか
(ホイールローダ)排ガス機械の選択(全選択肢網羅)
・「排ガス対策型(第1次基準値)」と表示されているが、外部設計と正しいか
ロックボルトの計上区分(全選択肢網羅)
・「計上しない」と表示されているが、外部設計と正しいか
鋼製支保有無(全選択肢網羅)
・「なし」と表示されているが、外部設計と正しいか
ダンプトラックによるずり運搬の計上区分(全選択肢網羅)
・「計上する」と表示されているが、外部設計と正しいか
集塵機の計上区分(全選択肢網羅)
・「計上する」と表示されているが、外部設計と正しいか","・岩区分 の規格名計上が意図通りの場所に正しく計上されているか
・設計掘削断面積 の規格名計上が意図通りの場所に正しく計上されているか
・切羽監視責任者の有無 の規格名計上が意図通りの場所に正しく計上されているか
・鏡吹付工施工の有無 の規格名計上が意図通りの場所に正しく計上されているか"
TC-186,新規歩掛,DⅡ,断面積45m2,無,無,排ガス対策型(第1次基準値),2ブーム・ドリフタ150kg級 1バスケット,排ガス対策型(第1次基準値),排ガス対策型(第1次基準値),計上しない,なし,計上する,計上しない,,○,○,○,○,○,○,○,○,○,○,○,○,○,"岩区分(全選択肢網羅)
・「DⅡ」と表示されているが、外部設計と正しいか
設計掘削断面積(全選択肢網羅)
・「断面積45m2」と表示されているが、外部設計と正しいか
切羽監視責任者の有無(全選択肢網羅)
・「無」と表示されているが、外部設計と正しいか
鏡吹付工施工の有無(全選択肢網羅)
・「無」と表示されているが、外部設計と正しいか
(ドリルジャンボ)排ガス機械の選択(全選択肢網羅)
・「排ガス対策型(第1次基準値)」と表示されているが、外部設計と正しいか
(大型ブレーカ)排ガス機械の選択(全選択肢網羅)
・「排ガス対策型(第1次基準値)」と表示されているが、外部設計と正しいか
(ホイールローダ)排ガス機械の選択(全選択肢網羅)
・「排ガス対策型(第1次基準値)」と表示されているが、外部設計と正しいか
ロックボルトの計上区分(全選択肢網羅)
・「計上しない」と表示されているが、外部設計と正しいか
鋼製支保有無(全選択肢網羅)
・「なし」と表示されているが、外部設計と正しいか
ダンプトラックによるずり運搬の計上区分(全選択肢網羅)
・「計上する」と表示されているが、外部設計と正しいか
集塵機の計上区分(全選択肢網羅)
・「計上しない」と表示されているが、外部設計と正しいか","・岩区分 の規格名計上が意図通りの場所に正しく計上されているか
・設計掘削断面積 の規格名計上が意図通りの場所に正しく計上されているか
・切羽監視責任者の有無 の規格名計上が意図通りの場所に正しく計上されているか
・鏡吹付工施工の有無 の規格名計上が意図通りの場所に正しく計上されているか"
TC-187,新規歩掛,DⅡ,断面積45m2,無,無,排ガス対策型(第1次基準値),2ブーム・ドリフタ150kg級 1バスケット,排ガス対策型(第1次基準値),排ガス対策型(第1次基準値),計上しない,なし,計上しない,計上する,,○,○,○,○,○,○,○,○,○,○,○,○,,"岩区分(全選択肢網羅)
・「DⅡ」と表示されているが、外部設計と正しいか
設計掘削断面積(全選択肢網羅)
・「断面積45m2」と表示されているが、外部設計と正しいか
切羽監視責任者の有無(全選択肢網羅)
・「無」と表示されているが、外部設計と正しいか
鏡吹付工施工の有無(全選択肢網羅)
・「無」と表示されているが、外部設計と正しいか
(ドリルジャンボ)排ガス機械の選択(全選択肢網羅)
・「排ガス対策型(第1次基準値)」と表示されているが、外部設計と正しいか
(大型ブレーカ)排ガス機械の選択(全選択肢網羅)
・「排ガス対策型(第1次基準値)」と表示されているが、外部設計と正しいか
(ホイールローダ)排ガス機械の選択(全選択肢網羅)
・「排ガス対策型(第1次基準値)」と表示されているが、外部設計と正しいか
ロックボルトの計上区分(全選択肢網羅)
・「計上しない」と表示されているが、外部設計と正しいか
鋼製支保有無(全選択肢網羅)
・「なし」と表示されているが、外部設計と正しいか
ダンプトラックによるずり運搬の計上区分(全選択肢網羅)
・「計上しない」と表示されているが、外部設計と正しいか
集塵機の計上区分(全選択肢網羅)
・「計上する」と表示されているが、外部設計と正しいか","・岩区分 の規格名計上が意図通りの場所に正しく計上されているか
・設計掘削断面積 の規格名計上が意図通りの場所に正しく計上されているか
・切羽監視責任者の有無 の規格名計上が意図通りの場所に正しく計上されているか
・鏡吹付工施工の有無 の規格名計上が意図通りの場所に正しく計上されているか"
TC-188,新規歩掛,DⅡ,断面積45m2,無,無,排ガス対策型(第1次基準値),2ブーム・ドリフタ150kg級 1バスケット,排ガス対策型(第1次基準値),排ガス対策型(第1次基準値),計上しない,なし,計上しない,計上しない,,○,○,○,○,○,○,○,○,○,○,○,○,,"岩区分(全選択肢網羅)
・「DⅡ」と表示されているが、外部設計と正しいか
設計掘削断面積(全選択肢網羅)
・「断面積45m2」と表示されているが、外部設計と正しいか
切羽監視責任者の有無(全選択肢網羅)
・「無」と表示されているが、外部設計と正しいか
鏡吹付工施工の有無(全選択肢網羅)
・「無」と表示されているが、外部設計と正しいか
(ドリルジャンボ)排ガス機械の選択(全選択肢網羅)
・「排ガス対策型(第1次基準値)」と表示されているが、外部設計と正しいか
(大型ブレーカ)排ガス機械の選択(全選択肢網羅)
・「排ガス対策型(第1次基準値)」と表示されているが、外部設計と正しいか
(ホイールローダ)排ガス機械の選択(全選択肢網羅)
・「排ガス対策型(第1次基準値)」と表示されているが、外部設計と正しいか
ロックボルトの計上区分(全選択肢網羅)
・「計上しない」と表示されているが、外部設計と正しいか
鋼製支保有無(全選択肢網羅)
・「なし」と表示されているが、外部設計と正しいか
ダンプトラックによるずり運搬の計上区分(全選択肢網羅)
・「計上しない」と表示されているが、外部設計と正しいか
集塵機の計上区分(全選択肢網羅)
・「計上しない」と表示されているが、外部設計と正しいか","・岩区分 の規格名計上が意図通りの場所に正しく計上されているか
・設計掘削断面積 の規格名計上が意図通りの場所に正しく計上されているか
・切羽監視責任者の有無 の規格名計上が意図通りの場所に正しく計上されているか
・鏡吹付工施工の有無 の規格名計上が意図通りの場所に正しく計上されているか"
TC-189,新規歩掛,DⅡ,断面積45m2,無,無,排ガス対策型(第1次基準値),2ブーム・ドリフタ150kg級 1バスケット,排ガス対策型(第1次基準値),排ガス対策型(第1次基準値),計上しない,あり,計上する,計上する,,○,○,○,○,○,○,○,○,○,○,○,○,○,"岩区分(全選択肢網羅)
・「DⅡ」と表示されているが、外部設計と正しいか
設計掘削断面積(全選択肢網羅)
・「断面積45m2」と表示されているが、外部設計と正しいか
切羽監視責任者の有無(全選択肢網羅)
・「無」と表示されているが、外部設計と正しいか
鏡吹付工施工の有無(全選択肢網羅)
・「無」と表示されているが、外部設計と正しいか
(ドリルジャンボ)排ガス機械の選択(全選択肢網羅)
・「排ガス対策型(第1次基準値)」と表示されているが、外部設計と正しいか
(大型ブレーカ)排ガス機械の選択(全選択肢網羅)
・「排ガス対策型(第1次基準値)」と表示されているが、外部設計と正しいか
(ホイールローダ)排ガス機械の選択(全選択肢網羅)
・「排ガス対策型(第1次基準値)」と表示されているが、外部設計と正しいか
ロックボルトの計上区分(全選択肢網羅)
・「計上しない」と表示されているが、外部設計と正しいか
鋼製支保有無(全選択肢網羅)
・「あり」と表示されているが、外部設計と正しいか
ダンプトラックによるずり運搬の計上区分(全選択肢網羅)
・「計上する」と表示されているが、外部設計と正しいか
集塵機の計上区分(全選択肢網羅)
・「計上する」と表示されているが、外部設計と正しいか","・岩区分 の規格名計上が意図通りの場所に正しく計上されているか
・設計掘削断面積 の規格名計上が意図通りの場所に正しく計上されているか
・切羽監視責任者の有無 の規格名計上が意図通りの場所に正しく計上されているか
・鏡吹付工施工の有無 の規格名計上が意図通りの場所に正しく計上されているか"
TC-190,新規歩掛,DⅡ,断面積45m2,無,無,排ガス対策型(第1次基準値),2ブーム・ドリフタ150kg級 1バスケット,排ガス対策型(第1次基準値),排ガス対策型(第1次基準値),計上しない,あり,計上する,計上しない,,○,○,○,○,○,○,○,○,○,○,○,○,○,"岩区分(全選択肢網羅)
・「DⅡ」と表示されているが、外部設計と正しいか
設計掘削断面積(全選択肢網羅)
・「断面積45m2」と表示されているが、外部設計と正しいか
切羽監視責任者の有無(全選択肢網羅)
・「無」と表示されているが、外部設計と正しいか
鏡吹付工施工の有無(全選択肢網羅)
・「無」と表示されているが、外部設計と正しいか
(ドリルジャンボ)排ガス機械の選択(全選択肢網羅)
・「排ガス対策型(第1次基準値)」と表示されているが、外部設計と正しいか
(大型ブレーカ)排ガス機械の選択(全選択肢網羅)
・「排ガス対策型(第1次基準値)」と表示されているが、外部設計と正しいか
(ホイールローダ)排ガス機械の選択(全選択肢網羅)
・「排ガス対策型(第1次基準値)」と表示されているが、外部設計と正しいか
ロックボルトの計上区分(全選択肢網羅)
・「計上しない」と表示されているが、外部設計と正しいか
鋼製支保有無(全選択肢網羅)
・「あり」と表示されているが、外部設計と正しいか
ダンプトラックによるずり運搬の計上区分(全選択肢網羅)
・「計上する」と表示されているが、外部設計と正しいか
集塵機の計上区分(全選択肢網羅)
・「計上しない」と表示されているが、外部設計と正しいか","・岩区分 の規格名計上が意図通りの場所に正しく計上されているか
・設計掘削断面積 の規格名計上が意図通りの場所に正しく計上されているか
・切羽監視責任者の有無 の規格名計上が意図通りの場所に正しく計上されているか
・鏡吹付工施工の有無 の規格名計上が意図通りの場所に正しく計上されているか"
TC-191,新規歩掛,DⅡ,断面積45m2,無,無,排ガス対策型(第1次基準値),2ブーム・ドリフタ150kg級 1バスケット,排ガス対策型(第1次基準値),排ガス対策型(第1次基準値),計上しない,あり,計上しない,計上する,,○,○,○,○,○,○,○,○,○,○,○,○,,"岩区分(全選択肢網羅)
・「DⅡ」と表示されているが、外部設計と正しいか
設計掘削断面積(全選択肢網羅)
・「断面積45m2」と表示されているが、外部設計と正しいか
切羽監視責任者の有無(全選択肢網羅)
・「無」と表示されているが、外部設計と正しいか
鏡吹付工施工の有無(全選択肢網羅)
・「無」と表示されているが、外部設計と正しいか
(ドリルジャンボ)排ガス機械の選択(全選択肢網羅)
・「排ガス対策型(第1次基準値)」と表示されているが、外部設計と正しいか
(大型ブレーカ)排ガス機械の選択(全選択肢網羅)
・「排ガス対策型(第1次基準値)」と表示されているが、外部設計と正しいか
(ホイールローダ)排ガス機械の選択(全選択肢網羅)
・「排ガス対策型(第1次基準値)」と表示されているが、外部設計と正しいか
ロックボルトの計上区分(全選択肢網羅)
・「計上しない」と表示されているが、外部設計と正しいか
鋼製支保有無(全選択肢網羅)
・「あり」と表示されているが、外部設計と正しいか
ダンプトラックによるずり運搬の計上区分(全選択肢網羅)
・「計上しない」と表示されているが、外部設計と正しいか
集塵機の計上区分(全選択肢網羅)
・「計上する」と表示されているが、外部設計と正しいか","・岩区分 の規格名計上が意図通りの場所に正しく計上されているか
・設計掘削断面積 の規格名計上が意図通りの場所に正しく計上されているか
・切羽監視責任者の有無 の規格名計上が意図通りの場所に正しく計上されているか
・鏡吹付工施工の有無 の規格名計上が意図通りの場所に正しく計上されているか"
TC-192,新規歩掛,DⅡ,断面積45m2,無,無,排ガス対策型(第1次基準値),2ブーム・ドリフタ150kg級 1バスケット,排ガス対策型(第1次基準値),排ガス対策型(第1次基準値),計上しない,あり,計上しない,計上しない,,○,○,○,○,○,○,○,○,○,○,○,○,,"岩区分(全選択肢網羅)
・「DⅡ」と表示されているが、外部設計と正しいか
設計掘削断面積(全選択肢網羅)
・「断面積45m2」と表示されているが、外部設計と正しいか
切羽監視責任者の有無(全選択肢網羅)
・「無」と表示されているが、外部設計と正しいか
鏡吹付工施工の有無(全選択肢網羅)
・「無」と表示されているが、外部設計と正しいか
(ドリルジャンボ)排ガス機械の選択(全選択肢網羅)
・「排ガス対策型(第1次基準値)」と表示されているが、外部設計と正しいか
(大型ブレーカ)排ガス機械の選択(全選択肢網羅)
・「排ガス対策型(第1次基準値)」と表示されているが、外部設計と正しいか
(ホイールローダ)排ガス機械の選択(全選択肢網羅)
・「排ガス対策型(第1次基準値)」と表示されているが、外部設計と正しいか
ロックボルトの計上区分(全選択肢網羅)
・「計上しない」と表示されているが、外部設計と正しいか
鋼製支保有無(全選択肢網羅)
・「あり」と表示されているが、外部設計と正しいか
ダンプトラックによるずり運搬の計上区分(全選択肢網羅)
・「計上しない」と表示されているが、外部設計と正しいか
集塵機の計上区分(全選択肢網羅)
・「計上しない」と表示されているが、外部設計と正しいか","・岩区分 の規格名計上が意図通りの場所に正しく計上されているか
・設計掘削断面積 の規格名計上が意図通りの場所に正しく計上されているか
・切羽監視責任者の有無 の規格名計上が意図通りの場所に正しく計上されているか
・鏡吹付工施工の有無 の規格名計上が意図通りの場所に正しく計上されているか"
# 観点,各○の計上行について、計算結果は手計算と一致すること(手動確認)
